VID,EID,LID,Group,Last calving,Days in milk,Date,Ruminating
2110,,,1,12/01/2025,166,27/06/2025,
2110,,,1,12/01/2025,167,28/06/2025,595
2110,,,1,12/01/2025,168,29/06/2025,569
2110,,,1,12/01/2025,169,30/06/2025,490
2110,,,1,12/01/2025,170,01/07/2025,581
2110,,,1,12/01/2025,171,02/07/2025,459
2110,,,1,12/01/2025,172,03/07/2025,676
2110,,,1,12/01/2025,173,04/07/2025,607
2110,,,1,12/01/2025,174,05/07/2025,600
2110,,,1,12/01/2025,175,06/07/2025,600
2110,,,1,12/01/2025,176,07/07/2025,513
2110,,,1,12/01/2025,177,08/07/2025,627
2110,,,1,12/01/2025,178,09/07/2025,618
2110,,,1,12/01/2025,179,10/07/2025,500
2110,,,1,12/01/2025,180,11/07/2025,523
2110,,,1,12/01/2025,181,12/07/2025,600
2110,,,1,12/01/2025,182,13/07/2025,504
2110,,,1,12/01/2025,183,14/07/2025,606
2110,,,1,12/01/2025,184,15/07/2025,606
2110,,,1,12/01/2025,185,16/07/2025,429
2110,,,1,12/01/2025,186,17/07/2025,600
2110,,,1,12/01/2025,187,18/07/2025,548
2110,,,1,12/01/2025,188,19/07/2025,540
2110,,,1,12/01/2025,189,20/07/2025,642
2110,,,1,12/01/2025,190,21/07/2025,656
2110,,,1,12/01/2025,191,22/07/2025,445
2110,,,1,12/01/2025,192,23/07/2025,680
2110,,,1,12/01/2025,193,24/07/2025,484
2110,,,1,12/01/2025,194,25/07/2025,529
2110,,,1,12/01/2025,195,26/07/2025,562
2110,,,1,12/01/2025,196,27/07/2025,545
2110,,,1,12/01/2025,197,28/07/2025,483
2110,,,1,12/01/2025,198,29/07/2025,531
2110,,,1,12/01/2025,199,30/07/2025,572
2110,,,1,12/01/2025,200,31/07/2025,420
2110,,,1,12/01/2025,201,01/08/2025,509
2110,,,1,12/01/2025,202,02/08/2025,503
2110,,,1,12/01/2025,203,03/08/2025,470
2110,,,1,12/01/2025,204,04/08/2025,385
2110,,,1,12/01/2025,205,05/08/2025,373
2110,,,1,12/01/2025,206,06/08/2025,386
2110,,,1,12/01/2025,207,07/08/2025,535
2110,,,1,12/01/2025,208,08/08/2025,541
2110,,,1,12/01/2025,209,09/08/2025,594
2110,,,1,12/01/2025,210,10/08/2025,514
2110,,,1,12/01/2025,211,11/08/2025,532
2110,,,1,12/01/2025,212,12/08/2025,609
2110,,,1,12/01/2025,213,13/08/2025,504
2110,,,1,12/01/2025,214,14/08/2025,542
2110,,,1,12/01/2025,215,15/08/2025,584
2110,,,1,12/01/2025,216,16/08/2025,623
2110,,,1,12/01/2025,217,17/08/2025,449
2110,,,1,12/01/2025,218,18/08/2025,588
2110,,,1,12/01/2025,219,19/08/2025,501
2110,,,1,12/01/2025,220,20/08/2025,506
2110,,,1,12/01/2025,221,21/08/2025,590
2110,,,1,12/01/2025,222,22/08/2025,638
2110,,,1,12/01/2025,223,23/08/2025,546
2110,,,1,12/01/2025,224,24/08/2025,578
2110,,,1,12/01/2025,225,25/08/2025,605
2110,,,1,12/01/2025,226,26/08/2025,346
2110,,,1,12/01/2025,227,27/08/2025,0
2110,,,1,12/01/2025,228,28/08/2025,0
2110,,,1,12/01/2025,229,29/08/2025,9
2110,,,1,12/01/2025,230,30/08/2025,83
2110,,,1,12/01/2025,231,31/08/2025,196
2110,,,1,12/01/2025,232,01/09/2025,0
2110,,,1,12/01/2025,233,02/09/2025,0
2110,,,1,12/01/2025,234,03/09/2025,0
2110,,,1,12/01/2025,235,04/09/2025,0
2110,,,1,12/01/2025,236,05/09/2025,0
2110,,,1,12/01/2025,237,06/09/2025,0
2110,,,1,12/01/2025,238,07/09/2025,0
2110,,,1,12/01/2025,239,08/09/2025,0
2110,,,1,12/01/2025,240,09/09/2025,0
2110,,,1,12/01/2025,241,10/09/2025,0
2110,,,1,12/01/2025,242,11/09/2025,0
2110,,,1,12/01/2025,243,12/09/2025,0
2110,,,1,12/01/2025,244,13/09/2025,0
2110,,,1,12/01/2025,245,14/09/2025,0
2110,,,1,12/01/2025,246,15/09/2025,0
2110,,,1,12/01/2025,247,16/09/2025,0
2110,,,1,12/01/2025,248,17/09/2025,0
2110,,,1,12/01/2025,249,18/09/2025,0
2110,,,1,12/01/2025,250,19/09/2025,0
2110,,,1,12/01/2025,251,20/09/2025,0
2110,,,1,12/01/2025,252,21/09/2025,0
2110,,,1,12/01/2025,253,22/09/2025,0
2110,,,1,12/01/2025,254,23/09/2025,0
2110,,,1,12/01/2025,255,24/09/2025,0
2110,,,1,12/01/2025,256,25/09/2025,
1497,,,3,18/07/2025,,27/06/2025,
1497,,,3,18/07/2025,,28/06/2025,
1497,,,3,18/07/2025,,29/06/2025,
1497,,,3,18/07/2025,,30/06/2025,
1497,,,3,18/07/2025,,01/07/2025,
1497,,,3,18/07/2025,,02/07/2025,
1497,,,3,18/07/2025,,03/07/2025,
1497,,,3,18/07/2025,,04/07/2025,
1497,,,3,18/07/2025,,05/07/2025,
1497,,,3,18/07/2025,,06/07/2025,
1497,,,3,18/07/2025,,07/07/2025,179
1497,,,3,18/07/2025,,08/07/2025,222
1497,,,3,18/07/2025,,09/07/2025,411
1497,,,3,18/07/2025,,10/07/2025,470
1497,,,3,18/07/2025,,11/07/2025,500
1497,,,3,18/07/2025,,12/07/2025,552
1497,,,3,18/07/2025,,13/07/2025,579
1497,,,3,18/07/2025,,14/07/2025,506
1497,,,3,18/07/2025,,15/07/2025,518
1497,,,3,18/07/2025,,16/07/2025,444
1497,,,3,18/07/2025,,17/07/2025,504
1497,,,3,18/07/2025,,18/07/2025,418
1497,,,3,18/07/2025,1,19/07/2025,402
1497,,,3,18/07/2025,2,20/07/2025,332
1497,,,3,18/07/2025,3,21/07/2025,298
1497,,,3,18/07/2025,4,22/07/2025,232
1497,,,3,18/07/2025,5,23/07/2025,236
1497,,,3,18/07/2025,6,24/07/2025,320
1497,,,3,18/07/2025,7,25/07/2025,406
1497,,,3,18/07/2025,8,26/07/2025,202
1497,,,3,18/07/2025,9,27/07/2025,301
1497,,,3,18/07/2025,10,28/07/2025,204
1497,,,3,18/07/2025,11,29/07/2025,284
1497,,,3,18/07/2025,12,30/07/2025,156
1497,,,3,18/07/2025,13,31/07/2025,269
1497,,,3,18/07/2025,14,01/08/2025,342
1497,,,3,18/07/2025,15,02/08/2025,279
1497,,,3,18/07/2025,16,03/08/2025,316
1497,,,3,18/07/2025,17,04/08/2025,310
1497,,,3,18/07/2025,18,05/08/2025,290
1497,,,3,18/07/2025,19,06/08/2025,302
1497,,,3,18/07/2025,20,07/08/2025,347
1497,,,3,18/07/2025,21,08/08/2025,222
1497,,,3,18/07/2025,22,09/08/2025,368
1497,,,3,18/07/2025,23,10/08/2025,325
1497,,,3,18/07/2025,24,11/08/2025,393
1497,,,3,18/07/2025,25,12/08/2025,302
1497,,,3,18/07/2025,26,13/08/2025,343
1497,,,3,18/07/2025,27,14/08/2025,352
1497,,,3,18/07/2025,28,15/08/2025,293
1497,,,3,18/07/2025,29,16/08/2025,503
1497,,,3,18/07/2025,30,17/08/2025,299
1497,,,3,18/07/2025,31,18/08/2025,335
1497,,,3,18/07/2025,32,19/08/2025,268
1497,,,3,18/07/2025,33,20/08/2025,308
1497,,,3,18/07/2025,34,21/08/2025,313
1497,,,3,18/07/2025,35,22/08/2025,445
1497,,,3,18/07/2025,36,23/08/2025,509
1497,,,3,18/07/2025,37,24/08/2025,607
1497,,,3,18/07/2025,38,25/08/2025,592
1497,,,3,18/07/2025,39,26/08/2025,642
1497,,,3,18/07/2025,40,27/08/2025,488
1497,,,3,18/07/2025,41,28/08/2025,594
1497,,,3,18/07/2025,42,29/08/2025,418
1497,,,3,18/07/2025,43,30/08/2025,379
1497,,,3,18/07/2025,44,31/08/2025,509
1497,,,3,18/07/2025,45,01/09/2025,605
1497,,,3,18/07/2025,46,02/09/2025,431
1497,,,3,18/07/2025,47,03/09/2025,676
1497,,,3,18/07/2025,48,04/09/2025,613
1497,,,3,18/07/2025,49,05/09/2025,625
1497,,,3,18/07/2025,50,06/09/2025,482
1497,,,3,18/07/2025,51,07/09/2025,451
1497,,,3,18/07/2025,52,08/09/2025,392
1497,,,3,18/07/2025,53,09/09/2025,504
1497,,,3,18/07/2025,54,10/09/2025,661
1497,,,3,18/07/2025,55,11/09/2025,575
1497,,,3,18/07/2025,56,12/09/2025,557
1497,,,3,18/07/2025,57,13/09/2025,460
1497,,,3,18/07/2025,58,14/09/2025,507
1497,,,3,18/07/2025,59,15/09/2025,544
1497,,,3,18/07/2025,60,16/09/2025,561
1497,,,3,18/07/2025,61,17/09/2025,586
1497,,,3,18/07/2025,62,18/09/2025,521
1497,,,3,18/07/2025,63,19/09/2025,450
1497,,,3,18/07/2025,64,20/09/2025,593
1497,,,3,18/07/2025,65,21/09/2025,617
1497,,,3,18/07/2025,66,22/09/2025,344
1497,,,3,18/07/2025,67,23/09/2025,0
1497,,,3,18/07/2025,68,24/09/2025,26
1497,,,3,18/07/2025,69,25/09/2025,
1638,,,100,07/08/2024,324,27/06/2025,
1638,,,100,07/08/2024,325,28/06/2025,531
1638,,,100,07/08/2024,326,29/06/2025,595
1638,,,100,07/08/2024,327,30/06/2025,614
1638,,,100,07/08/2024,328,01/07/2025,618
1638,,,100,07/08/2024,329,02/07/2025,526
1638,,,100,07/08/2024,330,03/07/2025,604
1638,,,100,07/08/2024,331,04/07/2025,546
1638,,,100,07/08/2024,332,05/07/2025,547
1638,,,100,07/08/2024,333,06/07/2025,580
1638,,,100,07/08/2024,334,07/07/2025,550
1638,,,100,07/08/2024,335,08/07/2025,559
1638,,,100,07/08/2024,336,09/07/2025,505
1638,,,100,07/08/2024,337,10/07/2025,490
1638,,,100,07/08/2024,338,11/07/2025,489
1638,,,100,07/08/2024,339,12/07/2025,597
1638,,,100,07/08/2024,340,13/07/2025,603
1638,,,100,07/08/2024,341,14/07/2025,397
1638,,,100,07/08/2024,342,15/07/2025,587
1638,,,100,07/08/2024,343,16/07/2025,575
1638,,,100,07/08/2024,344,17/07/2025,635
1638,,,100,07/08/2024,345,18/07/2025,453
1638,,,100,07/08/2024,346,19/07/2025,601
1638,,,100,07/08/2024,347,20/07/2025,518
1638,,,100,07/08/2024,348,21/07/2025,608
1638,,,100,07/08/2024,349,22/07/2025,574
1638,,,100,07/08/2024,350,23/07/2025,412
1638,,,100,07/08/2024,351,24/07/2025,499
1638,,,100,07/08/2024,352,25/07/2025,480
1638,,,100,07/08/2024,353,26/07/2025,444
1638,,,100,07/08/2024,354,27/07/2025,518
1638,,,100,07/08/2024,355,28/07/2025,503
1638,,,100,07/08/2024,356,29/07/2025,637
1638,,,100,07/08/2024,357,30/07/2025,540
1638,,,100,07/08/2024,358,31/07/2025,460
1638,,,100,07/08/2024,359,01/08/2025,611
1638,,,100,07/08/2024,360,02/08/2025,558
1638,,,100,07/08/2024,361,03/08/2025,374
1638,,,100,07/08/2024,362,04/08/2025,458
1638,,,100,07/08/2024,363,05/08/2025,561
1638,,,100,07/08/2024,364,06/08/2025,460
1638,,,100,07/08/2024,365,07/08/2025,384
1638,,,100,07/08/2024,366,08/08/2025,675
1638,,,100,07/08/2024,367,09/08/2025,567
1638,,,100,07/08/2024,368,10/08/2025,456
1638,,,100,07/08/2024,369,11/08/2025,537
1638,,,100,07/08/2024,370,12/08/2025,330
1638,,,100,07/08/2024,371,13/08/2025,627
1638,,,100,07/08/2024,372,14/08/2025,497
1638,,,100,07/08/2024,373,15/08/2025,523
1638,,,100,07/08/2024,374,16/08/2025,527
1638,,,100,07/08/2024,375,17/08/2025,322
1638,,,100,07/08/2024,376,18/08/2025,597
1638,,,100,07/08/2024,377,19/08/2025,644
1638,,,100,07/08/2024,378,20/08/2025,513
1638,,,100,07/08/2024,379,21/08/2025,439
1638,,,100,07/08/2024,380,22/08/2025,310
1638,,,100,07/08/2024,381,23/08/2025,549
1638,,,100,07/08/2024,382,24/08/2025,463
1638,,,100,07/08/2024,383,25/08/2025,340
1638,,,100,07/08/2024,384,26/08/2025,594
1638,,,100,07/08/2024,385,27/08/2025,406
1638,,,100,07/08/2024,386,28/08/2025,448
1638,,,100,07/08/2024,387,29/08/2025,536
1638,,,100,07/08/2024,388,30/08/2025,490
1638,,,100,07/08/2024,389,31/08/2025,390
1638,,,100,07/08/2024,390,01/09/2025,572
1638,,,100,07/08/2024,391,02/09/2025,580
1638,,,100,07/08/2024,392,03/09/2025,461
1638,,,100,07/08/2024,393,04/09/2025,553
1638,,,100,07/08/2024,394,05/09/2025,530
1638,,,100,07/08/2024,395,06/09/2025,575
1638,,,100,07/08/2024,396,07/09/2025,495
1638,,,100,07/08/2024,397,08/09/2025,510
1638,,,100,07/08/2024,398,09/09/2025,596
1638,,,100,07/08/2024,399,10/09/2025,464
1638,,,100,07/08/2024,400,11/09/2025,418
1638,,,100,07/08/2024,401,12/09/2025,568
1638,,,100,07/08/2024,402,13/09/2025,504
1638,,,100,07/08/2024,403,14/09/2025,336
1638,,,100,07/08/2024,404,15/09/2025,288
1638,,,100,07/08/2024,405,16/09/2025,335
1638,,,100,07/08/2024,406,17/09/2025,330
1638,,,100,07/08/2024,407,18/09/2025,503
1638,,,100,07/08/2024,408,19/09/2025,394
1638,,,100,07/08/2024,409,20/09/2025,486
1638,,,100,07/08/2024,410,21/09/2025,461
1638,,,100,07/08/2024,411,22/09/2025,227
1638,,,100,07/08/2024,412,23/09/2025,0
1638,,,100,07/08/2024,413,24/09/2025,0
1638,,,100,07/08/2024,414,25/09/2025,
1555,,,1,08/11/2024,231,27/06/2025,
1555,,,1,08/11/2024,232,28/06/2025,644
1555,,,1,08/11/2024,233,29/06/2025,521
1555,,,1,08/11/2024,234,30/06/2025,626
1555,,,1,08/11/2024,235,01/07/2025,539
1555,,,1,08/11/2024,236,02/07/2025,598
1555,,,1,08/11/2024,237,03/07/2025,577
1555,,,1,08/11/2024,238,04/07/2025,579
1555,,,1,08/11/2024,239,05/07/2025,550
1555,,,1,08/11/2024,240,06/07/2025,613
1555,,,1,08/11/2024,241,07/07/2025,651
1555,,,1,08/11/2024,242,08/07/2025,442
1555,,,1,08/11/2024,243,09/07/2025,404
1555,,,1,08/11/2024,244,10/07/2025,468
1555,,,1,08/11/2024,245,11/07/2025,635
1555,,,1,08/11/2024,246,12/07/2025,522
1555,,,1,08/11/2024,247,13/07/2025,503
1555,,,1,08/11/2024,248,14/07/2025,622
1555,,,1,08/11/2024,249,15/07/2025,607
1555,,,1,08/11/2024,250,16/07/2025,591
1555,,,1,08/11/2024,251,17/07/2025,579
1555,,,1,08/11/2024,252,18/07/2025,579
1555,,,1,08/11/2024,253,19/07/2025,595
1555,,,1,08/11/2024,254,20/07/2025,540
1555,,,1,08/11/2024,255,21/07/2025,555
1555,,,1,08/11/2024,256,22/07/2025,640
1555,,,1,08/11/2024,257,23/07/2025,445
1555,,,1,08/11/2024,258,24/07/2025,554
1555,,,1,08/11/2024,259,25/07/2025,616
1555,,,1,08/11/2024,260,26/07/2025,560
1555,,,1,08/11/2024,261,27/07/2025,576
1555,,,1,08/11/2024,262,28/07/2025,497
1555,,,1,08/11/2024,263,29/07/2025,601
1555,,,1,08/11/2024,264,30/07/2025,689
1555,,,1,08/11/2024,265,31/07/2025,520
1555,,,1,08/11/2024,266,01/08/2025,490
1555,,,1,08/11/2024,267,02/08/2025,653
1555,,,1,08/11/2024,268,03/08/2025,615
1555,,,1,08/11/2024,269,04/08/2025,539
1555,,,1,08/11/2024,270,05/08/2025,538
1555,,,1,08/11/2024,271,06/08/2025,617
1555,,,1,08/11/2024,272,07/08/2025,661
1555,,,1,08/11/2024,273,08/08/2025,491
1555,,,1,08/11/2024,274,09/08/2025,554
1555,,,1,08/11/2024,275,10/08/2025,547
1555,,,1,08/11/2024,276,11/08/2025,567
1555,,,1,08/11/2024,277,12/08/2025,627
1555,,,1,08/11/2024,278,13/08/2025,676
1555,,,1,08/11/2024,279,14/08/2025,486
1555,,,1,08/11/2024,280,15/08/2025,596
1555,,,1,08/11/2024,281,16/08/2025,566
1555,,,1,08/11/2024,282,17/08/2025,550
1555,,,1,08/11/2024,283,18/08/2025,536
1555,,,1,08/11/2024,284,19/08/2025,561
1555,,,1,08/11/2024,285,20/08/2025,567
1555,,,1,08/11/2024,286,21/08/2025,571
1555,,,1,08/11/2024,287,22/08/2025,570
1555,,,1,08/11/2024,288,23/08/2025,550
1555,,,1,08/11/2024,289,24/08/2025,527
1555,,,1,08/11/2024,290,25/08/2025,657
1555,,,1,08/11/2024,291,26/08/2025,525
1555,,,1,08/11/2024,292,27/08/2025,634
1555,,,1,08/11/2024,293,28/08/2025,523
1555,,,1,08/11/2024,294,29/08/2025,707
1555,,,1,08/11/2024,295,30/08/2025,579
1555,,,1,08/11/2024,296,31/08/2025,630
1555,,,1,08/11/2024,297,01/09/2025,597
1555,,,1,08/11/2024,298,02/09/2025,506
1555,,,1,08/11/2024,299,03/09/2025,548
1555,,,1,08/11/2024,300,04/09/2025,665
1555,,,1,08/11/2024,301,05/09/2025,539
1555,,,1,08/11/2024,302,06/09/2025,602
1555,,,1,08/11/2024,303,07/09/2025,592
1555,,,1,08/11/2024,304,08/09/2025,465
1555,,,1,08/11/2024,305,09/09/2025,730
1555,,,1,08/11/2024,306,10/09/2025,632
1555,,,1,08/11/2024,307,11/09/2025,590
1555,,,1,08/11/2024,308,12/09/2025,559
1555,,,1,08/11/2024,309,13/09/2025,481
1555,,,1,08/11/2024,310,14/09/2025,709
1555,,,1,08/11/2024,311,15/09/2025,558
1555,,,1,08/11/2024,312,16/09/2025,590
1555,,,1,08/11/2024,313,17/09/2025,330
1555,,,1,08/11/2024,314,18/09/2025,546
1555,,,1,08/11/2024,315,19/09/2025,491
1555,,,1,08/11/2024,316,20/09/2025,537
1555,,,1,08/11/2024,317,21/09/2025,472
1555,,,1,08/11/2024,318,22/09/2025,275
1555,,,1,08/11/2024,319,23/09/2025,34
1555,,,1,08/11/2024,320,24/09/2025,60
1555,,,1,08/11/2024,321,25/09/2025,
1644,,,100,15/10/2024,255,27/06/2025,
1644,,,100,15/10/2024,256,28/06/2025,685
1644,,,100,15/10/2024,257,29/06/2025,606
1644,,,100,15/10/2024,258,30/06/2025,475
1644,,,100,15/10/2024,259,01/07/2025,626
1644,,,100,15/10/2024,260,02/07/2025,515
1644,,,100,15/10/2024,261,03/07/2025,674
1644,,,100,15/10/2024,262,04/07/2025,528
1644,,,100,15/10/2024,263,05/07/2025,543
1644,,,100,15/10/2024,264,06/07/2025,675
1644,,,100,15/10/2024,265,07/07/2025,611
1644,,,100,15/10/2024,266,08/07/2025,503
1644,,,100,15/10/2024,267,09/07/2025,539
1644,,,100,15/10/2024,268,10/07/2025,481
1644,,,100,15/10/2024,269,11/07/2025,618
1644,,,100,15/10/2024,270,12/07/2025,555
1644,,,100,15/10/2024,271,13/07/2025,545
1644,,,100,15/10/2024,272,14/07/2025,407
1644,,,100,15/10/2024,273,15/07/2025,610
1644,,,100,15/10/2024,274,16/07/2025,464
1644,,,100,15/10/2024,275,17/07/2025,542
1644,,,100,15/10/2024,276,18/07/2025,506
1644,,,100,15/10/2024,277,19/07/2025,546
1644,,,100,15/10/2024,278,20/07/2025,471
1644,,,100,15/10/2024,279,21/07/2025,623
1644,,,100,15/10/2024,280,22/07/2025,543
1644,,,100,15/10/2024,281,23/07/2025,483
1644,,,100,15/10/2024,282,24/07/2025,563
1644,,,100,15/10/2024,283,25/07/2025,563
1644,,,100,15/10/2024,284,26/07/2025,640
1644,,,100,15/10/2024,285,27/07/2025,641
1644,,,100,15/10/2024,286,28/07/2025,514
1644,,,100,15/10/2024,287,29/07/2025,530
1644,,,100,15/10/2024,288,30/07/2025,453
1644,,,100,15/10/2024,289,31/07/2025,375
1644,,,100,15/10/2024,290,01/08/2025,484
1644,,,100,15/10/2024,291,02/08/2025,581
1644,,,100,15/10/2024,292,03/08/2025,505
1644,,,100,15/10/2024,293,04/08/2025,503
1644,,,100,15/10/2024,294,05/08/2025,563
1644,,,100,15/10/2024,295,06/08/2025,518
1644,,,100,15/10/2024,296,07/08/2025,589
1644,,,100,15/10/2024,297,08/08/2025,577
1644,,,100,15/10/2024,298,09/08/2025,639
1644,,,100,15/10/2024,299,10/08/2025,563
1644,,,100,15/10/2024,300,11/08/2025,547
1644,,,100,15/10/2024,301,12/08/2025,654
1644,,,100,15/10/2024,302,13/08/2025,621
1644,,,100,15/10/2024,303,14/08/2025,599
1644,,,100,15/10/2024,304,15/08/2025,621
1644,,,100,15/10/2024,305,16/08/2025,492
1644,,,100,15/10/2024,306,17/08/2025,556
1644,,,100,15/10/2024,307,18/08/2025,507
1644,,,100,15/10/2024,308,19/08/2025,501
1644,,,100,15/10/2024,309,20/08/2025,683
1644,,,100,15/10/2024,310,21/08/2025,611
1644,,,100,15/10/2024,311,22/08/2025,572
1644,,,100,15/10/2024,312,23/08/2025,602
1644,,,100,15/10/2024,313,24/08/2025,602
1644,,,100,15/10/2024,314,25/08/2025,490
1644,,,100,15/10/2024,315,26/08/2025,700
1644,,,100,15/10/2024,316,27/08/2025,464
1644,,,100,15/10/2024,317,28/08/2025,692
1644,,,100,15/10/2024,318,29/08/2025,561
1644,,,100,15/10/2024,319,30/08/2025,564
1644,,,100,15/10/2024,320,31/08/2025,510
1644,,,100,15/10/2024,321,01/09/2025,504
1644,,,100,15/10/2024,322,02/09/2025,491
1644,,,100,15/10/2024,323,03/09/2025,574
1644,,,100,15/10/2024,324,04/09/2025,570
1644,,,100,15/10/2024,325,05/09/2025,610
1644,,,100,15/10/2024,326,06/09/2025,594
1644,,,100,15/10/2024,327,07/09/2025,539
1644,,,100,15/10/2024,328,08/09/2025,624
1644,,,100,15/10/2024,329,09/09/2025,641
1644,,,100,15/10/2024,330,10/09/2025,550
1644,,,100,15/10/2024,331,11/09/2025,553
1644,,,100,15/10/2024,332,12/09/2025,572
1644,,,100,15/10/2024,333,13/09/2025,527
1644,,,100,15/10/2024,334,14/09/2025,603
1644,,,100,15/10/2024,335,15/09/2025,442
1644,,,100,15/10/2024,336,16/09/2025,343
1644,,,100,15/10/2024,337,17/09/2025,359
1644,,,100,15/10/2024,338,18/09/2025,480
1644,,,100,15/10/2024,339,19/09/2025,615
1644,,,100,15/10/2024,340,20/09/2025,643
1644,,,100,15/10/2024,341,21/09/2025,613
1644,,,100,15/10/2024,342,22/09/2025,307
1644,,,100,15/10/2024,343,23/09/2025,0
1644,,,100,15/10/2024,344,24/09/2025,151
1644,,,100,15/10/2024,345,25/09/2025,
1560,,,3,23/09/2024,277,27/06/2025,
1560,,,3,23/09/2024,278,28/06/2025,644
1560,,,3,23/09/2024,279,29/06/2025,594
1560,,,3,23/09/2024,280,30/06/2025,583
1560,,,3,23/09/2024,281,01/07/2025,648
1560,,,3,23/09/2024,282,02/07/2025,474
1560,,,3,23/09/2024,283,03/07/2025,615
1560,,,3,23/09/2024,284,04/07/2025,517
1560,,,3,23/09/2024,285,05/07/2025,589
1560,,,3,23/09/2024,286,06/07/2025,552
1560,,,3,23/09/2024,287,07/07/2025,536
1560,,,3,23/09/2024,288,08/07/2025,599
1560,,,3,23/09/2024,289,09/07/2025,499
1560,,,3,23/09/2024,290,10/07/2025,659
1560,,,3,23/09/2024,291,11/07/2025,496
1560,,,3,23/09/2024,292,12/07/2025,557
1560,,,3,23/09/2024,293,13/07/2025,526
1560,,,3,23/09/2024,294,14/07/2025,527
1560,,,3,23/09/2024,295,15/07/2025,650
1560,,,3,23/09/2024,296,16/07/2025,533
1560,,,3,23/09/2024,297,17/07/2025,611
1560,,,3,23/09/2024,298,18/07/2025,633
1560,,,3,23/09/2024,299,19/07/2025,579
1560,,,3,23/09/2024,300,20/07/2025,593
1560,,,3,23/09/2024,301,21/07/2025,554
1560,,,3,23/09/2024,302,22/07/2025,534
1560,,,3,23/09/2024,303,23/07/2025,569
1560,,,3,23/09/2024,304,24/07/2025,600
1560,,,3,23/09/2024,305,25/07/2025,563
1560,,,3,23/09/2024,306,26/07/2025,542
1560,,,3,23/09/2024,307,27/07/2025,574
1560,,,3,23/09/2024,308,28/07/2025,536
1560,,,3,23/09/2024,309,29/07/2025,560
1560,,,3,23/09/2024,310,30/07/2025,545
1560,,,3,23/09/2024,311,31/07/2025,537
1560,,,3,23/09/2024,312,01/08/2025,528
1560,,,3,23/09/2024,313,02/08/2025,521
1560,,,3,23/09/2024,314,03/08/2025,568
1560,,,3,23/09/2024,315,04/08/2025,595
1560,,,3,23/09/2024,316,05/08/2025,512
1560,,,3,23/09/2024,317,06/08/2025,532
1560,,,3,23/09/2024,318,07/08/2025,524
1560,,,3,23/09/2024,319,08/08/2025,451
1560,,,3,23/09/2024,320,09/08/2025,624
1560,,,3,23/09/2024,321,10/08/2025,458
1560,,,3,23/09/2024,322,11/08/2025,546
1560,,,3,23/09/2024,323,12/08/2025,509
1560,,,3,23/09/2024,324,13/08/2025,632
1560,,,3,23/09/2024,325,14/08/2025,474
1560,,,3,23/09/2024,326,15/08/2025,503
1560,,,3,23/09/2024,327,16/08/2025,605
1560,,,3,23/09/2024,328,17/08/2025,534
1560,,,3,23/09/2024,329,18/08/2025,589
1560,,,3,23/09/2024,330,19/08/2025,506
1560,,,3,23/09/2024,331,20/08/2025,496
1560,,,3,23/09/2024,332,21/08/2025,512
1560,,,3,23/09/2024,333,22/08/2025,502
1560,,,3,23/09/2024,334,23/08/2025,507
1560,,,3,23/09/2024,335,24/08/2025,499
1560,,,3,23/09/2024,336,25/08/2025,556
1560,,,3,23/09/2024,337,26/08/2025,493
1560,,,3,23/09/2024,338,27/08/2025,489
1560,,,3,23/09/2024,339,28/08/2025,548
1560,,,3,23/09/2024,340,29/08/2025,478
1560,,,3,23/09/2024,341,30/08/2025,566
1560,,,3,23/09/2024,342,31/08/2025,537
1560,,,3,23/09/2024,343,01/09/2025,579
1560,,,3,23/09/2024,344,02/09/2025,579
1560,,,3,23/09/2024,345,03/09/2025,505
1560,,,3,23/09/2024,346,04/09/2025,526
1560,,,3,23/09/2024,347,05/09/2025,529
1560,,,3,23/09/2024,348,06/09/2025,586
1560,,,3,23/09/2024,349,07/09/2025,482
1560,,,3,23/09/2024,350,08/09/2025,582
1560,,,3,23/09/2024,351,09/09/2025,572
1560,,,3,23/09/2024,352,10/09/2025,534
1560,,,3,23/09/2024,353,11/09/2025,551
1560,,,3,23/09/2024,354,12/09/2025,474
1560,,,3,23/09/2024,355,13/09/2025,487
1560,,,3,23/09/2024,356,14/09/2025,601
1560,,,3,23/09/2024,357,15/09/2025,615
1560,,,3,23/09/2024,358,16/09/2025,505
1560,,,3,23/09/2024,359,17/09/2025,558
1560,,,3,23/09/2024,360,18/09/2025,441
1560,,,3,23/09/2024,361,19/09/2025,554
1560,,,3,23/09/2024,362,20/09/2025,576
1560,,,3,23/09/2024,363,21/09/2025,417
1560,,,3,23/09/2024,364,22/09/2025,227
1560,,,3,23/09/2024,365,23/09/2025,52
1560,,,3,23/09/2024,366,24/09/2025,0
1560,,,3,23/09/2024,367,25/09/2025,
8711,,,1,19/10/2024,251,27/06/2025,
8711,,,1,19/10/2024,252,28/06/2025,413
8711,,,1,19/10/2024,253,29/06/2025,555
8711,,,1,19/10/2024,254,30/06/2025,471
8711,,,1,19/10/2024,255,01/07/2025,461
8711,,,1,19/10/2024,256,02/07/2025,398
8711,,,1,19/10/2024,257,03/07/2025,589
8711,,,1,19/10/2024,258,04/07/2025,458
8711,,,1,19/10/2024,259,05/07/2025,534
8711,,,1,19/10/2024,260,06/07/2025,511
8711,,,1,19/10/2024,261,07/07/2025,466
8711,,,1,19/10/2024,262,08/07/2025,466
8711,,,1,19/10/2024,263,09/07/2025,481
8711,,,1,19/10/2024,264,10/07/2025,514
8711,,,1,19/10/2024,265,11/07/2025,401
8711,,,1,19/10/2024,266,12/07/2025,505
8711,,,1,19/10/2024,267,13/07/2025,448
8711,,,1,19/10/2024,268,14/07/2025,423
8711,,,1,19/10/2024,269,15/07/2025,468
8711,,,1,19/10/2024,270,16/07/2025,333
8711,,,1,19/10/2024,271,17/07/2025,396
8711,,,1,19/10/2024,272,18/07/2025,520
8711,,,1,19/10/2024,273,19/07/2025,479
8711,,,1,19/10/2024,274,20/07/2025,485
8711,,,1,19/10/2024,275,21/07/2025,410
8711,,,1,19/10/2024,276,22/07/2025,508
8711,,,1,19/10/2024,277,23/07/2025,507
8711,,,1,19/10/2024,278,24/07/2025,414
8711,,,1,19/10/2024,279,25/07/2025,427
8711,,,1,19/10/2024,280,26/07/2025,445
8711,,,1,19/10/2024,281,27/07/2025,467
8711,,,1,19/10/2024,282,28/07/2025,438
8711,,,1,19/10/2024,283,29/07/2025,446
8711,,,1,19/10/2024,284,30/07/2025,401
8711,,,1,19/10/2024,285,31/07/2025,473
8711,,,1,19/10/2024,286,01/08/2025,401
8711,,,1,19/10/2024,287,02/08/2025,541
8711,,,1,19/10/2024,288,03/08/2025,438
8711,,,1,19/10/2024,289,04/08/2025,405
8711,,,1,19/10/2024,290,05/08/2025,450
8711,,,1,19/10/2024,291,06/08/2025,394
8711,,,1,19/10/2024,292,07/08/2025,412
8711,,,1,19/10/2024,293,08/08/2025,500
8711,,,1,19/10/2024,294,09/08/2025,376
8711,,,1,19/10/2024,295,10/08/2025,495
8711,,,1,19/10/2024,296,11/08/2025,395
8711,,,1,19/10/2024,297,12/08/2025,443
8711,,,1,19/10/2024,298,13/08/2025,366
8711,,,1,19/10/2024,299,14/08/2025,502
8711,,,1,19/10/2024,300,15/08/2025,393
8711,,,1,19/10/2024,301,16/08/2025,405
8711,,,1,19/10/2024,302,17/08/2025,497
8711,,,1,19/10/2024,303,18/08/2025,485
8711,,,1,19/10/2024,304,19/08/2025,480
8711,,,1,19/10/2024,305,20/08/2025,438
8711,,,1,19/10/2024,306,21/08/2025,438
8711,,,1,19/10/2024,307,22/08/2025,458
8711,,,1,19/10/2024,308,23/08/2025,443
8711,,,1,19/10/2024,309,24/08/2025,468
8711,,,1,19/10/2024,310,25/08/2025,336
8711,,,1,19/10/2024,311,26/08/2025,502
8711,,,1,19/10/2024,312,27/08/2025,459
8711,,,1,19/10/2024,313,28/08/2025,432
8711,,,1,19/10/2024,314,29/08/2025,462
8711,,,1,19/10/2024,315,30/08/2025,452
8711,,,1,19/10/2024,316,31/08/2025,353
8711,,,1,19/10/2024,317,01/09/2025,493
8711,,,1,19/10/2024,318,02/09/2025,509
8711,,,1,19/10/2024,319,03/09/2025,423
8711,,,1,19/10/2024,320,04/09/2025,406
8711,,,1,19/10/2024,321,05/09/2025,458
8711,,,1,19/10/2024,322,06/09/2025,294
8711,,,1,19/10/2024,323,07/09/2025,555
8711,,,1,19/10/2024,324,08/09/2025,431
8711,,,1,19/10/2024,325,09/09/2025,433
8711,,,1,19/10/2024,326,10/09/2025,517
8711,,,1,19/10/2024,327,11/09/2025,466
8711,,,1,19/10/2024,328,12/09/2025,401
8711,,,1,19/10/2024,329,13/09/2025,449
8711,,,1,19/10/2024,330,14/09/2025,422
8711,,,1,19/10/2024,331,15/09/2025,420
8711,,,1,19/10/2024,332,16/09/2025,476
8711,,,1,19/10/2024,333,17/09/2025,421
8711,,,1,19/10/2024,334,18/09/2025,338
8711,,,1,19/10/2024,335,19/09/2025,422
8711,,,1,19/10/2024,336,20/09/2025,309
8711,,,1,19/10/2024,337,21/09/2025,352
8711,,,1,19/10/2024,338,22/09/2025,351
8711,,,1,19/10/2024,339,23/09/2025,16
8711,,,1,19/10/2024,340,24/09/2025,19
8711,,,1,19/10/2024,341,25/09/2025,
6226,,,100,17/08/2024,314,27/06/2025,
6226,,,100,17/08/2024,315,28/06/2025,547
6226,,,100,17/08/2024,316,29/06/2025,618
6226,,,100,17/08/2024,317,30/06/2025,627
6226,,,100,17/08/2024,318,01/07/2025,583
6226,,,100,17/08/2024,319,02/07/2025,554
6226,,,100,17/08/2024,320,03/07/2025,627
6226,,,100,17/08/2024,321,04/07/2025,598
6226,,,100,17/08/2024,322,05/07/2025,500
6226,,,100,17/08/2024,323,06/07/2025,683
6226,,,100,17/08/2024,324,07/07/2025,573
6226,,,100,17/08/2024,325,08/07/2025,541
6226,,,100,17/08/2024,326,09/07/2025,551
6226,,,100,17/08/2024,327,10/07/2025,552
6226,,,100,17/08/2024,328,11/07/2025,620
6226,,,100,17/08/2024,329,12/07/2025,567
6226,,,100,17/08/2024,330,13/07/2025,511
6226,,,100,17/08/2024,331,14/07/2025,536
6226,,,100,17/08/2024,332,15/07/2025,540
6226,,,100,17/08/2024,333,16/07/2025,389
6226,,,100,17/08/2024,334,17/07/2025,478
6226,,,100,17/08/2024,335,18/07/2025,495
6226,,,100,17/08/2024,336,19/07/2025,569
6226,,,100,17/08/2024,337,20/07/2025,564
6226,,,100,17/08/2024,338,21/07/2025,649
6226,,,100,17/08/2024,339,22/07/2025,328
6226,,,100,17/08/2024,340,23/07/2025,627
6226,,,100,17/08/2024,341,24/07/2025,421
6226,,,100,17/08/2024,342,25/07/2025,445
6226,,,100,17/08/2024,343,26/07/2025,582
6226,,,100,17/08/2024,344,27/07/2025,591
6226,,,100,17/08/2024,345,28/07/2025,596
6226,,,100,17/08/2024,346,29/07/2025,594
6226,,,100,17/08/2024,347,30/07/2025,510
6226,,,100,17/08/2024,348,31/07/2025,526
6226,,,100,17/08/2024,349,01/08/2025,560
6226,,,100,17/08/2024,350,02/08/2025,596
6226,,,100,17/08/2024,351,03/08/2025,503
6226,,,100,17/08/2024,352,04/08/2025,537
6226,,,100,17/08/2024,353,05/08/2025,622
6226,,,100,17/08/2024,354,06/08/2025,475
6226,,,100,17/08/2024,355,07/08/2025,586
6226,,,100,17/08/2024,356,08/08/2025,549
6226,,,100,17/08/2024,357,09/08/2025,497
6226,,,100,17/08/2024,358,10/08/2025,552
6226,,,100,17/08/2024,359,11/08/2025,427
6226,,,100,17/08/2024,360,12/08/2025,541
6226,,,100,17/08/2024,361,13/08/2025,635
6226,,,100,17/08/2024,362,14/08/2025,523
6226,,,100,17/08/2024,363,15/08/2025,595
6226,,,100,17/08/2024,364,16/08/2025,533
6226,,,100,17/08/2024,365,17/08/2025,593
6226,,,100,17/08/2024,366,18/08/2025,572
6226,,,100,17/08/2024,367,19/08/2025,531
6226,,,100,17/08/2024,368,20/08/2025,518
6226,,,100,17/08/2024,369,21/08/2025,531
6226,,,100,17/08/2024,370,22/08/2025,494
6226,,,100,17/08/2024,371,23/08/2025,639
6226,,,100,17/08/2024,372,24/08/2025,586
6226,,,100,17/08/2024,373,25/08/2025,599
6226,,,100,17/08/2024,374,26/08/2025,563
6226,,,100,17/08/2024,375,27/08/2025,474
6226,,,100,17/08/2024,376,28/08/2025,652
6226,,,100,17/08/2024,377,29/08/2025,546
6226,,,100,17/08/2024,378,30/08/2025,645
6226,,,100,17/08/2024,379,31/08/2025,495
6226,,,100,17/08/2024,380,01/09/2025,449
6226,,,100,17/08/2024,381,02/09/2025,438
6226,,,100,17/08/2024,382,03/09/2025,473
6226,,,100,17/08/2024,383,04/09/2025,579
6226,,,100,17/08/2024,384,05/09/2025,543
6226,,,100,17/08/2024,385,06/09/2025,564
6226,,,100,17/08/2024,386,07/09/2025,436
6226,,,100,17/08/2024,387,08/09/2025,529
6226,,,100,17/08/2024,388,09/09/2025,571
6226,,,100,17/08/2024,389,10/09/2025,567
6226,,,100,17/08/2024,390,11/09/2025,480
6226,,,100,17/08/2024,391,12/09/2025,398
6226,,,100,17/08/2024,392,13/09/2025,487
6226,,,100,17/08/2024,393,14/09/2025,465
6226,,,100,17/08/2024,394,15/09/2025,351
6226,,,100,17/08/2024,395,16/09/2025,316
6226,,,100,17/08/2024,396,17/09/2025,372
6226,,,100,17/08/2024,397,18/09/2025,593
6226,,,100,17/08/2024,398,19/09/2025,404
6226,,,100,17/08/2024,399,20/09/2025,633
6226,,,100,17/08/2024,400,21/09/2025,594
6226,,,100,17/08/2024,401,22/09/2025,241
6226,,,100,17/08/2024,402,23/09/2025,215
6226,,,100,17/08/2024,403,24/09/2025,372
6226,,,100,17/08/2024,404,25/09/2025,
8703,,,3,18/08/2024,313,27/06/2025,
8703,,,3,18/08/2024,314,28/06/2025,558
8703,,,3,18/08/2024,315,29/06/2025,584
8703,,,3,18/08/2024,316,30/06/2025,616
8703,,,3,18/08/2024,317,01/07/2025,589
8703,,,3,18/08/2024,318,02/07/2025,499
8703,,,3,18/08/2024,319,03/07/2025,639
8703,,,3,18/08/2024,320,04/07/2025,541
8703,,,3,18/08/2024,321,05/07/2025,564
8703,,,3,18/08/2024,322,06/07/2025,651
8703,,,3,18/08/2024,323,07/07/2025,443
8703,,,3,18/08/2024,324,08/07/2025,578
8703,,,3,18/08/2024,325,09/07/2025,492
8703,,,3,18/08/2024,326,10/07/2025,545
8703,,,3,18/08/2024,327,11/07/2025,550
8703,,,3,18/08/2024,328,12/07/2025,531
8703,,,3,18/08/2024,329,13/07/2025,617
8703,,,3,18/08/2024,330,14/07/2025,517
8703,,,3,18/08/2024,331,15/07/2025,593
8703,,,3,18/08/2024,332,16/07/2025,515
8703,,,3,18/08/2024,333,17/07/2025,518
8703,,,3,18/08/2024,334,18/07/2025,525
8703,,,3,18/08/2024,335,19/07/2025,612
8703,,,3,18/08/2024,336,20/07/2025,527
8703,,,3,18/08/2024,337,21/07/2025,592
8703,,,3,18/08/2024,338,22/07/2025,593
8703,,,3,18/08/2024,339,23/07/2025,509
8703,,,3,18/08/2024,340,24/07/2025,556
8703,,,3,18/08/2024,341,25/07/2025,550
8703,,,3,18/08/2024,342,26/07/2025,430
8703,,,3,18/08/2024,343,27/07/2025,629
8703,,,3,18/08/2024,344,28/07/2025,480
8703,,,3,18/08/2024,345,29/07/2025,504
8703,,,3,18/08/2024,346,30/07/2025,506
8703,,,3,18/08/2024,347,31/07/2025,549
8703,,,3,18/08/2024,348,01/08/2025,571
8703,,,3,18/08/2024,349,02/08/2025,557
8703,,,3,18/08/2024,350,03/08/2025,444
8703,,,3,18/08/2024,351,04/08/2025,606
8703,,,3,18/08/2024,352,05/08/2025,520
8703,,,3,18/08/2024,353,06/08/2025,476
8703,,,3,18/08/2024,354,07/08/2025,528
8703,,,3,18/08/2024,355,08/08/2025,623
8703,,,3,18/08/2024,356,09/08/2025,587
8703,,,3,18/08/2024,357,10/08/2025,563
8703,,,3,18/08/2024,358,11/08/2025,528
8703,,,3,18/08/2024,359,12/08/2025,588
8703,,,3,18/08/2024,360,13/08/2025,547
8703,,,3,18/08/2024,361,14/08/2025,555
8703,,,3,18/08/2024,362,15/08/2025,651
8703,,,3,18/08/2024,363,16/08/2025,539
8703,,,3,18/08/2024,364,17/08/2025,534
8703,,,3,18/08/2024,365,18/08/2025,512
8703,,,3,18/08/2024,366,19/08/2025,524
8703,,,3,18/08/2024,367,20/08/2025,610
8703,,,3,18/08/2024,368,21/08/2025,579
8703,,,3,18/08/2024,369,22/08/2025,473
8703,,,3,18/08/2024,370,23/08/2025,538
8703,,,3,18/08/2024,371,24/08/2025,569
8703,,,3,18/08/2024,372,25/08/2025,481
8703,,,3,18/08/2024,373,26/08/2025,486
8703,,,3,18/08/2024,374,27/08/2025,497
8703,,,3,18/08/2024,375,28/08/2025,673
8703,,,3,18/08/2024,376,29/08/2025,515
8703,,,3,18/08/2024,377,30/08/2025,550
8703,,,3,18/08/2024,378,31/08/2025,616
8703,,,3,18/08/2024,379,01/09/2025,478
8703,,,3,18/08/2024,380,02/09/2025,595
8703,,,3,18/08/2024,381,03/09/2025,474
8703,,,3,18/08/2024,382,04/09/2025,627
8703,,,3,18/08/2024,383,05/09/2025,460
8703,,,3,18/08/2024,384,06/09/2025,680
8703,,,3,18/08/2024,385,07/09/2025,473
8703,,,3,18/08/2024,386,08/09/2025,579
8703,,,3,18/08/2024,387,09/09/2025,420
8703,,,3,18/08/2024,388,10/09/2025,481
8703,,,3,18/08/2024,389,11/09/2025,569
8703,,,3,18/08/2024,390,12/09/2025,478
8703,,,3,18/08/2024,391,13/09/2025,485
8703,,,3,18/08/2024,392,14/09/2025,724
8703,,,3,18/08/2024,393,15/09/2025,467
8703,,,3,18/08/2024,394,16/09/2025,526
8703,,,3,18/08/2024,395,17/09/2025,500
8703,,,3,18/08/2024,396,18/09/2025,581
8703,,,3,18/08/2024,397,19/09/2025,321
8703,,,3,18/08/2024,398,20/09/2025,507
8703,,,3,18/08/2024,399,21/09/2025,628
8703,,,3,18/08/2024,400,22/09/2025,227
8703,,,3,18/08/2024,401,23/09/2025,0
8703,,,3,18/08/2024,402,24/09/2025,0
8703,,,3,18/08/2024,403,25/09/2025,
6154,,,3,04/04/2025,84,27/06/2025,
6154,,,3,04/04/2025,85,28/06/2025,465
6154,,,3,04/04/2025,86,29/06/2025,454
6154,,,3,04/04/2025,87,30/06/2025,340
6154,,,3,04/04/2025,88,01/07/2025,459
6154,,,3,04/04/2025,89,02/07/2025,405
6154,,,3,04/04/2025,90,03/07/2025,506
6154,,,3,04/04/2025,91,04/07/2025,474
6154,,,3,04/04/2025,92,05/07/2025,545
6154,,,3,04/04/2025,93,06/07/2025,563
6154,,,3,04/04/2025,94,07/07/2025,505
6154,,,3,04/04/2025,95,08/07/2025,417
6154,,,3,04/04/2025,96,09/07/2025,471
6154,,,3,04/04/2025,97,10/07/2025,443
6154,,,3,04/04/2025,98,11/07/2025,442
6154,,,3,04/04/2025,99,12/07/2025,417
6154,,,3,04/04/2025,100,13/07/2025,481
6154,,,3,04/04/2025,101,14/07/2025,331
6154,,,3,04/04/2025,102,15/07/2025,519
6154,,,3,04/04/2025,103,16/07/2025,387
6154,,,3,04/04/2025,104,17/07/2025,366
6154,,,3,04/04/2025,105,18/07/2025,428
6154,,,3,04/04/2025,106,19/07/2025,396
6154,,,3,04/04/2025,107,20/07/2025,532
6154,,,3,04/04/2025,108,21/07/2025,442
6154,,,3,04/04/2025,109,22/07/2025,448
6154,,,3,04/04/2025,110,23/07/2025,339
6154,,,3,04/04/2025,111,24/07/2025,452
6154,,,3,04/04/2025,112,25/07/2025,465
6154,,,3,04/04/2025,113,26/07/2025,312
6154,,,3,04/04/2025,114,27/07/2025,442
6154,,,3,04/04/2025,115,28/07/2025,427
6154,,,3,04/04/2025,116,29/07/2025,387
6154,,,3,04/04/2025,117,30/07/2025,453
6154,,,3,04/04/2025,118,31/07/2025,432
6154,,,3,04/04/2025,119,01/08/2025,277
6154,,,3,04/04/2025,120,02/08/2025,359
6154,,,3,04/04/2025,121,03/08/2025,539
6154,,,3,04/04/2025,122,04/08/2025,440
6154,,,3,04/04/2025,123,05/08/2025,445
6154,,,3,04/04/2025,124,06/08/2025,374
6154,,,3,04/04/2025,125,07/08/2025,480
6154,,,3,04/04/2025,126,08/08/2025,416
6154,,,3,04/04/2025,127,09/08/2025,464
6154,,,3,04/04/2025,128,10/08/2025,490
6154,,,3,04/04/2025,129,11/08/2025,467
6154,,,3,04/04/2025,130,12/08/2025,455
6154,,,3,04/04/2025,131,13/08/2025,389
6154,,,3,04/04/2025,132,14/08/2025,458
6154,,,3,04/04/2025,133,15/08/2025,478
6154,,,3,04/04/2025,134,16/08/2025,450
6154,,,3,04/04/2025,135,17/08/2025,503
6154,,,3,04/04/2025,136,18/08/2025,487
6154,,,3,04/04/2025,137,19/08/2025,409
6154,,,3,04/04/2025,138,20/08/2025,498
6154,,,3,04/04/2025,139,21/08/2025,410
6154,,,3,04/04/2025,140,22/08/2025,459
6154,,,3,04/04/2025,141,23/08/2025,444
6154,,,3,04/04/2025,142,24/08/2025,543
6154,,,3,04/04/2025,143,25/08/2025,426
6154,,,3,04/04/2025,144,26/08/2025,366
6154,,,3,04/04/2025,145,27/08/2025,507
6154,,,3,04/04/2025,146,28/08/2025,340
6154,,,3,04/04/2025,147,29/08/2025,453
6154,,,3,04/04/2025,148,30/08/2025,483
6154,,,3,04/04/2025,149,31/08/2025,399
6154,,,3,04/04/2025,150,01/09/2025,397
6154,,,3,04/04/2025,151,02/09/2025,548
6154,,,3,04/04/2025,152,03/09/2025,426
6154,,,3,04/04/2025,153,04/09/2025,358
6154,,,3,04/04/2025,154,05/09/2025,590
6154,,,3,04/04/2025,155,06/09/2025,494
6154,,,3,04/04/2025,156,07/09/2025,422
6154,,,3,04/04/2025,157,08/09/2025,466
6154,,,3,04/04/2025,158,09/09/2025,295
6154,,,3,04/04/2025,159,10/09/2025,424
6154,,,3,04/04/2025,160,11/09/2025,515
6154,,,3,04/04/2025,161,12/09/2025,386
6154,,,3,04/04/2025,162,13/09/2025,566
6154,,,3,04/04/2025,163,14/09/2025,357
6154,,,3,04/04/2025,164,15/09/2025,531
6154,,,3,04/04/2025,165,16/09/2025,309
6154,,,3,04/04/2025,166,17/09/2025,523
6154,,,3,04/04/2025,167,18/09/2025,530
6154,,,3,04/04/2025,168,19/09/2025,406
6154,,,3,04/04/2025,169,20/09/2025,403
6154,,,3,04/04/2025,170,21/09/2025,300
6154,,,3,04/04/2025,171,22/09/2025,498
6154,,,3,04/04/2025,172,23/09/2025,408
6154,,,3,04/04/2025,173,24/09/2025,454
6154,,,3,04/04/2025,174,25/09/2025,
6258,,,100,23/09/2024,277,27/06/2025,
6258,,,100,23/09/2024,278,28/06/2025,601
6258,,,100,23/09/2024,279,29/06/2025,568
6258,,,100,23/09/2024,280,30/06/2025,608
6258,,,100,23/09/2024,281,01/07/2025,524
6258,,,100,23/09/2024,282,02/07/2025,538
6258,,,100,23/09/2024,283,03/07/2025,579
6258,,,100,23/09/2024,284,04/07/2025,545
6258,,,100,23/09/2024,285,05/07/2025,540
6258,,,100,23/09/2024,286,06/07/2025,580
6258,,,100,23/09/2024,287,07/07/2025,540
6258,,,100,23/09/2024,288,08/07/2025,552
6258,,,100,23/09/2024,289,09/07/2025,473
6258,,,100,23/09/2024,290,10/07/2025,593
6258,,,100,23/09/2024,291,11/07/2025,461
6258,,,100,23/09/2024,292,12/07/2025,460
6258,,,100,23/09/2024,293,13/07/2025,497
6258,,,100,23/09/2024,294,14/07/2025,522
6258,,,100,23/09/2024,295,15/07/2025,547
6258,,,100,23/09/2024,296,16/07/2025,549
6258,,,100,23/09/2024,297,17/07/2025,458
6258,,,100,23/09/2024,298,18/07/2025,560
6258,,,100,23/09/2024,299,19/07/2025,592
6258,,,100,23/09/2024,300,20/07/2025,530
6258,,,100,23/09/2024,301,21/07/2025,578
6258,,,100,23/09/2024,302,22/07/2025,556
6258,,,100,23/09/2024,303,23/07/2025,425
6258,,,100,23/09/2024,304,24/07/2025,446
6258,,,100,23/09/2024,305,25/07/2025,428
6258,,,100,23/09/2024,306,26/07/2025,373
6258,,,100,23/09/2024,307,27/07/2025,269
6258,,,100,23/09/2024,308,28/07/2025,259
6258,,,100,23/09/2024,309,29/07/2025,377
6258,,,100,23/09/2024,310,30/07/2025,407
6258,,,100,23/09/2024,311,31/07/2025,455
6258,,,100,23/09/2024,312,01/08/2025,469
6258,,,100,23/09/2024,313,02/08/2025,471
6258,,,100,23/09/2024,314,03/08/2025,495
6258,,,100,23/09/2024,315,04/08/2025,465
6258,,,100,23/09/2024,316,05/08/2025,546
6258,,,100,23/09/2024,317,06/08/2025,544
6258,,,100,23/09/2024,318,07/08/2025,455
6258,,,100,23/09/2024,319,08/08/2025,526
6258,,,100,23/09/2024,320,09/08/2025,645
6258,,,100,23/09/2024,321,10/08/2025,476
6258,,,100,23/09/2024,322,11/08/2025,515
6258,,,100,23/09/2024,323,12/08/2025,598
6258,,,100,23/09/2024,324,13/08/2025,526
6258,,,100,23/09/2024,325,14/08/2025,569
6258,,,100,23/09/2024,326,15/08/2025,513
6258,,,100,23/09/2024,327,16/08/2025,469
6258,,,100,23/09/2024,328,17/08/2025,534
6258,,,100,23/09/2024,329,18/08/2025,429
6258,,,100,23/09/2024,330,19/08/2025,432
6258,,,100,23/09/2024,331,20/08/2025,582
6258,,,100,23/09/2024,332,21/08/2025,509
6258,,,100,23/09/2024,333,22/08/2025,559
6258,,,100,23/09/2024,334,23/08/2025,519
6258,,,100,23/09/2024,335,24/08/2025,573
6258,,,100,23/09/2024,336,25/08/2025,430
6258,,,100,23/09/2024,337,26/08/2025,597
6258,,,100,23/09/2024,338,27/08/2025,418
6258,,,100,23/09/2024,339,28/08/2025,560
6258,,,100,23/09/2024,340,29/08/2025,446
6258,,,100,23/09/2024,341,30/08/2025,488
6258,,,100,23/09/2024,342,31/08/2025,457
6258,,,100,23/09/2024,343,01/09/2025,447
6258,,,100,23/09/2024,344,02/09/2025,410
6258,,,100,23/09/2024,345,03/09/2025,421
6258,,,100,23/09/2024,346,04/09/2025,447
6258,,,100,23/09/2024,347,05/09/2025,619
6258,,,100,23/09/2024,348,06/09/2025,549
6258,,,100,23/09/2024,349,07/09/2025,462
6258,,,100,23/09/2024,350,08/09/2025,676
6258,,,100,23/09/2024,351,09/09/2025,553
6258,,,100,23/09/2024,352,10/09/2025,601
6258,,,100,23/09/2024,353,11/09/2025,490
6258,,,100,23/09/2024,354,12/09/2025,532
6258,,,100,23/09/2024,355,13/09/2025,500
6258,,,100,23/09/2024,356,14/09/2025,535
6258,,,100,23/09/2024,357,15/09/2025,395
6258,,,100,23/09/2024,358,16/09/2025,399
6258,,,100,23/09/2024,359,17/09/2025,346
6258,,,100,23/09/2024,360,18/09/2025,603
6258,,,100,23/09/2024,361,19/09/2025,415
6258,,,100,23/09/2024,362,20/09/2025,605
6258,,,100,23/09/2024,363,21/09/2025,602
6258,,,100,23/09/2024,364,22/09/2025,262
6258,,,100,23/09/2024,365,23/09/2025,0
6258,,,100,23/09/2024,366,24/09/2025,0
6258,,,100,23/09/2024,367,25/09/2025,
8706,,,20,30/08/2024,301,27/06/2025,
8706,,,20,30/08/2024,302,28/06/2025,0
8706,,,20,30/08/2024,303,29/06/2025,0
8706,,,20,30/08/2024,304,30/06/2025,0
8706,,,20,30/08/2024,305,01/07/2025,0
8706,,,20,30/08/2024,306,02/07/2025,0
8706,,,20,30/08/2024,307,03/07/2025,0
8706,,,20,30/08/2024,308,04/07/2025,0
8706,,,20,30/08/2024,309,05/07/2025,0
8706,,,20,30/08/2024,310,06/07/2025,0
8706,,,20,30/08/2024,311,07/07/2025,0
8706,,,20,30/08/2024,312,08/07/2025,
8706,,,20,30/08/2024,313,09/07/2025,
8706,,,20,30/08/2024,314,10/07/2025,
8706,,,20,30/08/2024,315,11/07/2025,
8706,,,20,30/08/2024,316,12/07/2025,
8706,,,20,30/08/2024,317,13/07/2025,
8706,,,20,30/08/2024,318,14/07/2025,
8706,,,20,30/08/2024,319,15/07/2025,
8706,,,20,30/08/2024,320,16/07/2025,
8706,,,20,30/08/2024,321,17/07/2025,
8706,,,20,30/08/2024,322,18/07/2025,
8706,,,20,30/08/2024,323,19/07/2025,
8706,,,20,30/08/2024,324,20/07/2025,
8706,,,20,30/08/2024,325,21/07/2025,
8706,,,20,30/08/2024,326,22/07/2025,
8706,,,20,30/08/2024,327,23/07/2025,
8706,,,20,30/08/2024,328,24/07/2025,
8706,,,20,30/08/2024,329,25/07/2025,
8706,,,20,30/08/2024,330,26/07/2025,
8706,,,20,30/08/2024,331,27/07/2025,
8706,,,20,30/08/2024,332,28/07/2025,
8706,,,20,30/08/2024,333,29/07/2025,
8706,,,20,30/08/2024,334,30/07/2025,
8706,,,20,30/08/2024,335,31/07/2025,
8706,,,20,30/08/2024,336,01/08/2025,
8706,,,20,30/08/2024,337,02/08/2025,
8706,,,20,30/08/2024,338,03/08/2025,
8706,,,20,30/08/2024,339,04/08/2025,
8706,,,20,30/08/2024,340,05/08/2025,
8706,,,20,30/08/2024,341,06/08/2025,
8706,,,20,30/08/2024,342,07/08/2025,
8706,,,20,30/08/2024,343,08/08/2025,
8706,,,20,30/08/2024,344,09/08/2025,
8706,,,20,30/08/2024,345,10/08/2025,
8706,,,20,30/08/2024,346,11/08/2025,
8706,,,20,30/08/2024,347,12/08/2025,
8706,,,20,30/08/2024,348,13/08/2025,
8706,,,20,30/08/2024,349,14/08/2025,
8706,,,20,30/08/2024,350,15/08/2025,
8706,,,20,30/08/2024,351,16/08/2025,
8706,,,20,30/08/2024,352,17/08/2025,
8706,,,20,30/08/2024,353,18/08/2025,
8706,,,20,30/08/2024,354,19/08/2025,
8706,,,20,30/08/2024,355,20/08/2025,
8706,,,20,30/08/2024,356,21/08/2025,
8706,,,20,30/08/2024,357,22/08/2025,
8706,,,20,30/08/2024,358,23/08/2025,
8706,,,20,30/08/2024,359,24/08/2025,
8706,,,20,30/08/2024,360,25/08/2025,
8706,,,20,30/08/2024,361,26/08/2025,
8706,,,20,30/08/2024,362,27/08/2025,
8706,,,20,30/08/2024,363,28/08/2025,
8706,,,20,30/08/2024,364,29/08/2025,
8706,,,20,30/08/2024,365,30/08/2025,
8706,,,20,30/08/2024,366,31/08/2025,
8706,,,20,30/08/2024,367,01/09/2025,
8706,,,20,30/08/2024,368,02/09/2025,
8706,,,20,30/08/2024,369,03/09/2025,
8706,,,20,30/08/2024,370,04/09/2025,
8706,,,20,30/08/2024,371,05/09/2025,
8706,,,20,30/08/2024,372,06/09/2025,
8706,,,20,30/08/2024,373,07/09/2025,
8706,,,20,30/08/2024,374,08/09/2025,
8706,,,20,30/08/2024,375,09/09/2025,
8706,,,20,30/08/2024,376,10/09/2025,
8706,,,20,30/08/2024,377,11/09/2025,
8706,,,20,30/08/2024,378,12/09/2025,
8706,,,20,30/08/2024,379,13/09/2025,
8706,,,20,30/08/2024,380,14/09/2025,
8706,,,20,30/08/2024,381,15/09/2025,
8706,,,20,30/08/2024,382,16/09/2025,
8706,,,20,30/08/2024,383,17/09/2025,
8706,,,20,30/08/2024,384,18/09/2025,
8706,,,20,30/08/2024,385,19/09/2025,
8706,,,20,30/08/2024,386,20/09/2025,
8706,,,20,30/08/2024,387,21/09/2025,
8706,,,20,30/08/2024,388,22/09/2025,
8706,,,20,30/08/2024,389,23/09/2025,
8706,,,20,30/08/2024,390,24/09/2025,
8706,,,20,30/08/2024,391,25/09/2025,
6197,,,100,13/05/2024,410,27/06/2025,
6197,,,100,13/05/2024,411,28/06/2025,494
6197,,,100,13/05/2024,412,29/06/2025,601
6197,,,100,13/05/2024,413,30/06/2025,596
6197,,,100,13/05/2024,414,01/07/2025,557
6197,,,100,13/05/2024,415,02/07/2025,469
6197,,,100,13/05/2024,416,03/07/2025,680
6197,,,100,13/05/2024,417,04/07/2025,565
6197,,,100,13/05/2024,418,05/07/2025,517
6197,,,100,13/05/2024,419,06/07/2025,507
6197,,,100,13/05/2024,420,07/07/2025,437
6197,,,100,13/05/2024,421,08/07/2025,542
6197,,,100,13/05/2024,422,09/07/2025,457
6197,,,100,13/05/2024,423,10/07/2025,505
6197,,,100,13/05/2024,424,11/07/2025,415
6197,,,100,13/05/2024,425,12/07/2025,531
6197,,,100,13/05/2024,426,13/07/2025,471
6197,,,100,13/05/2024,427,14/07/2025,336
6197,,,100,13/05/2024,428,15/07/2025,548
6197,,,100,13/05/2024,429,16/07/2025,525
6197,,,100,13/05/2024,430,17/07/2025,483
6197,,,100,13/05/2024,431,18/07/2025,508
6197,,,100,13/05/2024,432,19/07/2025,530
6197,,,100,13/05/2024,433,20/07/2025,504
6197,,,100,13/05/2024,434,21/07/2025,579
6197,,,100,13/05/2024,435,22/07/2025,496
6197,,,100,13/05/2024,436,23/07/2025,524
6197,,,100,13/05/2024,437,24/07/2025,510
6197,,,100,13/05/2024,438,25/07/2025,555
6197,,,100,13/05/2024,439,26/07/2025,556
6197,,,100,13/05/2024,440,27/07/2025,495
6197,,,100,13/05/2024,441,28/07/2025,477
6197,,,100,13/05/2024,442,29/07/2025,599
6197,,,100,13/05/2024,443,30/07/2025,501
6197,,,100,13/05/2024,444,31/07/2025,565
6197,,,100,13/05/2024,445,01/08/2025,530
6197,,,100,13/05/2024,446,02/08/2025,570
6197,,,100,13/05/2024,447,03/08/2025,575
6197,,,100,13/05/2024,448,04/08/2025,511
6197,,,100,13/05/2024,449,05/08/2025,528
6197,,,100,13/05/2024,450,06/08/2025,524
6197,,,100,13/05/2024,451,07/08/2025,592
6197,,,100,13/05/2024,452,08/08/2025,512
6197,,,100,13/05/2024,453,09/08/2025,595
6197,,,100,13/05/2024,454,10/08/2025,550
6197,,,100,13/05/2024,455,11/08/2025,629
6197,,,100,13/05/2024,456,12/08/2025,644
6197,,,100,13/05/2024,457,13/08/2025,608
6197,,,100,13/05/2024,458,14/08/2025,529
6197,,,100,13/05/2024,459,15/08/2025,542
6197,,,100,13/05/2024,460,16/08/2025,476
6197,,,100,13/05/2024,461,17/08/2025,558
6197,,,100,13/05/2024,462,18/08/2025,530
6197,,,100,13/05/2024,463,19/08/2025,560
6197,,,100,13/05/2024,464,20/08/2025,601
6197,,,100,13/05/2024,465,21/08/2025,567
6197,,,100,13/05/2024,466,22/08/2025,494
6197,,,100,13/05/2024,467,23/08/2025,515
6197,,,100,13/05/2024,468,24/08/2025,570
6197,,,100,13/05/2024,469,25/08/2025,551
6197,,,100,13/05/2024,470,26/08/2025,521
6197,,,100,13/05/2024,471,27/08/2025,311
6197,,,100,13/05/2024,472,28/08/2025,659
6197,,,100,13/05/2024,473,29/08/2025,489
6197,,,100,13/05/2024,474,30/08/2025,520
6197,,,100,13/05/2024,475,31/08/2025,417
6197,,,100,13/05/2024,476,01/09/2025,460
6197,,,100,13/05/2024,477,02/09/2025,567
6197,,,100,13/05/2024,478,03/09/2025,512
6197,,,100,13/05/2024,479,04/09/2025,514
6197,,,100,13/05/2024,480,05/09/2025,562
6197,,,100,13/05/2024,481,06/09/2025,508
6197,,,100,13/05/2024,482,07/09/2025,493
6197,,,100,13/05/2024,483,08/09/2025,650
6197,,,100,13/05/2024,484,09/09/2025,464
6197,,,100,13/05/2024,485,10/09/2025,511
6197,,,100,13/05/2024,486,11/09/2025,496
6197,,,100,13/05/2024,487,12/09/2025,492
6197,,,100,13/05/2024,488,13/09/2025,536
6197,,,100,13/05/2024,489,14/09/2025,445
6197,,,100,13/05/2024,490,15/09/2025,358
6197,,,100,13/05/2024,491,16/09/2025,313
6197,,,100,13/05/2024,492,17/09/2025,428
6197,,,100,13/05/2024,493,18/09/2025,381
6197,,,100,13/05/2024,494,19/09/2025,555
6197,,,100,13/05/2024,495,20/09/2025,468
6197,,,100,13/05/2024,496,21/09/2025,580
6197,,,100,13/05/2024,497,22/09/2025,268
6197,,,100,13/05/2024,498,23/09/2025,0
6197,,,100,13/05/2024,499,24/09/2025,0
6197,,,100,13/05/2024,500,25/09/2025,
8714,,,1,04/11/2024,235,27/06/2025,
8714,,,1,04/11/2024,236,28/06/2025,556
8714,,,1,04/11/2024,237,29/06/2025,589
8714,,,1,04/11/2024,238,30/06/2025,538
8714,,,1,04/11/2024,239,01/07/2025,557
8714,,,1,04/11/2024,240,02/07/2025,530
8714,,,1,04/11/2024,241,03/07/2025,655
8714,,,1,04/11/2024,242,04/07/2025,549
8714,,,1,04/11/2024,243,05/07/2025,604
8714,,,1,04/11/2024,244,06/07/2025,632
8714,,,1,04/11/2024,245,07/07/2025,496
8714,,,1,04/11/2024,246,08/07/2025,562
8714,,,1,04/11/2024,247,09/07/2025,508
8714,,,1,04/11/2024,248,10/07/2025,529
8714,,,1,04/11/2024,249,11/07/2025,479
8714,,,1,04/11/2024,250,12/07/2025,639
8714,,,1,04/11/2024,251,13/07/2025,497
8714,,,1,04/11/2024,252,14/07/2025,572
8714,,,1,04/11/2024,253,15/07/2025,611
8714,,,1,04/11/2024,254,16/07/2025,524
8714,,,1,04/11/2024,255,17/07/2025,569
8714,,,1,04/11/2024,256,18/07/2025,603
8714,,,1,04/11/2024,257,19/07/2025,584
8714,,,1,04/11/2024,258,20/07/2025,445
8714,,,1,04/11/2024,259,21/07/2025,674
8714,,,1,04/11/2024,260,22/07/2025,532
8714,,,1,04/11/2024,261,23/07/2025,635
8714,,,1,04/11/2024,262,24/07/2025,520
8714,,,1,04/11/2024,263,25/07/2025,556
8714,,,1,04/11/2024,264,26/07/2025,474
8714,,,1,04/11/2024,265,27/07/2025,549
8714,,,1,04/11/2024,266,28/07/2025,503
8714,,,1,04/11/2024,267,29/07/2025,544
8714,,,1,04/11/2024,268,30/07/2025,568
8714,,,1,04/11/2024,269,31/07/2025,589
8714,,,1,04/11/2024,270,01/08/2025,579
8714,,,1,04/11/2024,271,02/08/2025,566
8714,,,1,04/11/2024,272,03/08/2025,591
8714,,,1,04/11/2024,273,04/08/2025,600
8714,,,1,04/11/2024,274,05/08/2025,521
8714,,,1,04/11/2024,275,06/08/2025,512
8714,,,1,04/11/2024,276,07/08/2025,572
8714,,,1,04/11/2024,277,08/08/2025,594
8714,,,1,04/11/2024,278,09/08/2025,434
8714,,,1,04/11/2024,279,10/08/2025,536
8714,,,1,04/11/2024,280,11/08/2025,617
8714,,,1,04/11/2024,281,12/08/2025,570
8714,,,1,04/11/2024,282,13/08/2025,623
8714,,,1,04/11/2024,283,14/08/2025,510
8714,,,1,04/11/2024,284,15/08/2025,576
8714,,,1,04/11/2024,285,16/08/2025,596
8714,,,1,04/11/2024,286,17/08/2025,478
8714,,,1,04/11/2024,287,18/08/2025,600
8714,,,1,04/11/2024,288,19/08/2025,569
8714,,,1,04/11/2024,289,20/08/2025,464
8714,,,1,04/11/2024,290,21/08/2025,540
8714,,,1,04/11/2024,291,22/08/2025,592
8714,,,1,04/11/2024,292,23/08/2025,604
8714,,,1,04/11/2024,293,24/08/2025,527
8714,,,1,04/11/2024,294,25/08/2025,540
8714,,,1,04/11/2024,295,26/08/2025,504
8714,,,1,04/11/2024,296,27/08/2025,589
8714,,,1,04/11/2024,297,28/08/2025,594
8714,,,1,04/11/2024,298,29/08/2025,528
8714,,,1,04/11/2024,299,30/08/2025,630
8714,,,1,04/11/2024,300,31/08/2025,516
8714,,,1,04/11/2024,301,01/09/2025,643
8714,,,1,04/11/2024,302,02/09/2025,551
8714,,,1,04/11/2024,303,03/09/2025,567
8714,,,1,04/11/2024,304,04/09/2025,576
8714,,,1,04/11/2024,305,05/09/2025,593
8714,,,1,04/11/2024,306,06/09/2025,623
8714,,,1,04/11/2024,307,07/09/2025,575
8714,,,1,04/11/2024,308,08/09/2025,499
8714,,,1,04/11/2024,309,09/09/2025,637
8714,,,1,04/11/2024,310,10/09/2025,544
8714,,,1,04/11/2024,311,11/09/2025,591
8714,,,1,04/11/2024,312,12/09/2025,520
8714,,,1,04/11/2024,313,13/09/2025,539
8714,,,1,04/11/2024,314,14/09/2025,562
8714,,,1,04/11/2024,315,15/09/2025,398
8714,,,1,04/11/2024,316,16/09/2025,536
8714,,,1,04/11/2024,317,17/09/2025,550
8714,,,1,04/11/2024,318,18/09/2025,480
8714,,,1,04/11/2024,319,19/09/2025,570
8714,,,1,04/11/2024,320,20/09/2025,536
8714,,,1,04/11/2024,321,21/09/2025,586
8714,,,1,04/11/2024,322,22/09/2025,276
8714,,,1,04/11/2024,323,23/09/2025,0
8714,,,1,04/11/2024,324,24/09/2025,0
8714,,,1,04/11/2024,325,25/09/2025,
6012,,,100,11/10/2024,259,27/06/2025,
6012,,,100,11/10/2024,260,28/06/2025,455
6012,,,100,11/10/2024,261,29/06/2025,529
6012,,,100,11/10/2024,262,30/06/2025,474
6012,,,100,11/10/2024,263,01/07/2025,528
6012,,,100,11/10/2024,264,02/07/2025,367
6012,,,100,11/10/2024,265,03/07/2025,557
6012,,,100,11/10/2024,266,04/07/2025,464
6012,,,100,11/10/2024,267,05/07/2025,491
6012,,,100,11/10/2024,268,06/07/2025,534
6012,,,100,11/10/2024,269,07/07/2025,509
6012,,,100,11/10/2024,270,08/07/2025,519
6012,,,100,11/10/2024,271,09/07/2025,320
6012,,,100,11/10/2024,272,10/07/2025,543
6012,,,100,11/10/2024,273,11/07/2025,401
6012,,,100,11/10/2024,274,12/07/2025,514
6012,,,100,11/10/2024,275,13/07/2025,545
6012,,,100,11/10/2024,276,14/07/2025,393
6012,,,100,11/10/2024,277,15/07/2025,544
6012,,,100,11/10/2024,278,16/07/2025,426
6012,,,100,11/10/2024,279,17/07/2025,458
6012,,,100,11/10/2024,280,18/07/2025,551
6012,,,100,11/10/2024,281,19/07/2025,511
6012,,,100,11/10/2024,282,20/07/2025,533
6012,,,100,11/10/2024,283,21/07/2025,542
6012,,,100,11/10/2024,284,22/07/2025,532
6012,,,100,11/10/2024,285,23/07/2025,490
6012,,,100,11/10/2024,286,24/07/2025,532
6012,,,100,11/10/2024,287,25/07/2025,391
6012,,,100,11/10/2024,288,26/07/2025,549
6012,,,100,11/10/2024,289,27/07/2025,604
6012,,,100,11/10/2024,290,28/07/2025,503
6012,,,100,11/10/2024,291,29/07/2025,496
6012,,,100,11/10/2024,292,30/07/2025,535
6012,,,100,11/10/2024,293,31/07/2025,382
6012,,,100,11/10/2024,294,01/08/2025,549
6012,,,100,11/10/2024,295,02/08/2025,525
6012,,,100,11/10/2024,296,03/08/2025,486
6012,,,100,11/10/2024,297,04/08/2025,535
6012,,,100,11/10/2024,298,05/08/2025,564
6012,,,100,11/10/2024,299,06/08/2025,444
6012,,,100,11/10/2024,300,07/08/2025,477
6012,,,100,11/10/2024,301,08/08/2025,459
6012,,,100,11/10/2024,302,09/08/2025,477
6012,,,100,11/10/2024,303,10/08/2025,538
6012,,,100,11/10/2024,304,11/08/2025,469
6012,,,100,11/10/2024,305,12/08/2025,447
6012,,,100,11/10/2024,306,13/08/2025,485
6012,,,100,11/10/2024,307,14/08/2025,467
6012,,,100,11/10/2024,308,15/08/2025,514
6012,,,100,11/10/2024,309,16/08/2025,410
6012,,,100,11/10/2024,310,17/08/2025,428
6012,,,100,11/10/2024,311,18/08/2025,470
6012,,,100,11/10/2024,312,19/08/2025,385
6012,,,100,11/10/2024,313,20/08/2025,492
6012,,,100,11/10/2024,314,21/08/2025,423
6012,,,100,11/10/2024,315,22/08/2025,521
6012,,,100,11/10/2024,316,23/08/2025,500
6012,,,100,11/10/2024,317,24/08/2025,560
6012,,,100,11/10/2024,318,25/08/2025,338
6012,,,100,11/10/2024,319,26/08/2025,540
6012,,,100,11/10/2024,320,27/08/2025,356
6012,,,100,11/10/2024,321,28/08/2025,496
6012,,,100,11/10/2024,322,29/08/2025,447
6012,,,100,11/10/2024,323,30/08/2025,421
6012,,,100,11/10/2024,324,31/08/2025,433
6012,,,100,11/10/2024,325,01/09/2025,424
6012,,,100,11/10/2024,326,02/09/2025,421
6012,,,100,11/10/2024,327,03/09/2025,360
6012,,,100,11/10/2024,328,04/09/2025,394
6012,,,100,11/10/2024,329,05/09/2025,411
6012,,,100,11/10/2024,330,06/09/2025,499
6012,,,100,11/10/2024,331,07/09/2025,420
6012,,,100,11/10/2024,332,08/09/2025,488
6012,,,100,11/10/2024,333,09/09/2025,517
6012,,,100,11/10/2024,334,10/09/2025,403
6012,,,100,11/10/2024,335,11/09/2025,506
6012,,,100,11/10/2024,336,12/09/2025,461
6012,,,100,11/10/2024,337,13/09/2025,444
6012,,,100,11/10/2024,338,14/09/2025,468
6012,,,100,11/10/2024,339,15/09/2025,331
6012,,,100,11/10/2024,340,16/09/2025,310
6012,,,100,11/10/2024,341,17/09/2025,332
6012,,,100,11/10/2024,342,18/09/2025,495
6012,,,100,11/10/2024,343,19/09/2025,354
6012,,,100,11/10/2024,344,20/09/2025,570
6012,,,100,11/10/2024,345,21/09/2025,558
6012,,,100,11/10/2024,346,22/09/2025,243
6012,,,100,11/10/2024,347,23/09/2025,85
6012,,,100,11/10/2024,348,24/09/2025,84
6012,,,100,11/10/2024,349,25/09/2025,
6131,,,3,28/10/2024,242,27/06/2025,
6131,,,3,28/10/2024,243,28/06/2025,181
6131,,,3,28/10/2024,244,29/06/2025,262
6131,,,3,28/10/2024,245,30/06/2025,333
6131,,,3,28/10/2024,246,01/07/2025,326
6131,,,3,28/10/2024,247,02/07/2025,371
6131,,,3,28/10/2024,248,03/07/2025,463
6131,,,3,28/10/2024,249,04/07/2025,443
6131,,,3,28/10/2024,250,05/07/2025,567
6131,,,3,28/10/2024,251,06/07/2025,588
6131,,,3,28/10/2024,252,07/07/2025,581
6131,,,3,28/10/2024,253,08/07/2025,464
6131,,,3,28/10/2024,254,09/07/2025,378
6131,,,3,28/10/2024,255,10/07/2025,322
6131,,,3,28/10/2024,256,11/07/2025,271
6131,,,3,28/10/2024,257,12/07/2025,359
6131,,,3,28/10/2024,258,13/07/2025,290
6131,,,3,28/10/2024,259,14/07/2025,404
6131,,,3,28/10/2024,260,15/07/2025,394
6131,,,3,28/10/2024,261,16/07/2025,277
6131,,,3,28/10/2024,262,17/07/2025,433
6131,,,3,28/10/2024,263,18/07/2025,506
6131,,,3,28/10/2024,264,19/07/2025,475
6131,,,3,28/10/2024,265,20/07/2025,559
6131,,,3,28/10/2024,266,21/07/2025,489
6131,,,3,28/10/2024,267,22/07/2025,504
6131,,,3,28/10/2024,268,23/07/2025,464
6131,,,3,28/10/2024,269,24/07/2025,467
6131,,,3,28/10/2024,270,25/07/2025,431
6131,,,3,28/10/2024,271,26/07/2025,285
6131,,,3,28/10/2024,272,27/07/2025,424
6131,,,3,28/10/2024,273,28/07/2025,369
6131,,,3,28/10/2024,274,29/07/2025,462
6131,,,3,28/10/2024,275,30/07/2025,355
6131,,,3,28/10/2024,276,31/07/2025,400
6131,,,3,28/10/2024,277,01/08/2025,374
6131,,,3,28/10/2024,278,02/08/2025,265
6131,,,3,28/10/2024,279,03/08/2025,322
6131,,,3,28/10/2024,280,04/08/2025,408
6131,,,3,28/10/2024,281,05/08/2025,497
6131,,,3,28/10/2024,282,06/08/2025,396
6131,,,3,28/10/2024,283,07/08/2025,399
6131,,,3,28/10/2024,284,08/08/2025,593
6131,,,3,28/10/2024,285,09/08/2025,573
6131,,,3,28/10/2024,286,10/08/2025,357
6131,,,3,28/10/2024,287,11/08/2025,459
6131,,,3,28/10/2024,288,12/08/2025,470
6131,,,3,28/10/2024,289,13/08/2025,643
6131,,,3,28/10/2024,290,14/08/2025,543
6131,,,3,28/10/2024,291,15/08/2025,526
6131,,,3,28/10/2024,292,16/08/2025,375
6131,,,3,28/10/2024,293,17/08/2025,406
6131,,,3,28/10/2024,294,18/08/2025,510
6131,,,3,28/10/2024,295,19/08/2025,596
6131,,,3,28/10/2024,296,20/08/2025,580
6131,,,3,28/10/2024,297,21/08/2025,457
6131,,,3,28/10/2024,298,22/08/2025,443
6131,,,3,28/10/2024,299,23/08/2025,532
6131,,,3,28/10/2024,300,24/08/2025,558
6131,,,3,28/10/2024,301,25/08/2025,413
6131,,,3,28/10/2024,302,26/08/2025,375
6131,,,3,28/10/2024,303,27/08/2025,406
6131,,,3,28/10/2024,304,28/08/2025,507
6131,,,3,28/10/2024,305,29/08/2025,446
6131,,,3,28/10/2024,306,30/08/2025,546
6131,,,3,28/10/2024,307,31/08/2025,620
6131,,,3,28/10/2024,308,01/09/2025,428
6131,,,3,28/10/2024,309,02/09/2025,479
6131,,,3,28/10/2024,310,03/09/2025,547
6131,,,3,28/10/2024,311,04/09/2025,480
6131,,,3,28/10/2024,312,05/09/2025,651
6131,,,3,28/10/2024,313,06/09/2025,531
6131,,,3,28/10/2024,314,07/09/2025,457
6131,,,3,28/10/2024,315,08/09/2025,554
6131,,,3,28/10/2024,316,09/09/2025,408
6131,,,3,28/10/2024,317,10/09/2025,508
6131,,,3,28/10/2024,318,11/09/2025,452
6131,,,3,28/10/2024,319,12/09/2025,598
6131,,,3,28/10/2024,320,13/09/2025,417
6131,,,3,28/10/2024,321,14/09/2025,664
6131,,,3,28/10/2024,322,15/09/2025,458
6131,,,3,28/10/2024,323,16/09/2025,607
6131,,,3,28/10/2024,324,17/09/2025,513
6131,,,3,28/10/2024,325,18/09/2025,623
6131,,,3,28/10/2024,326,19/09/2025,498
6131,,,3,28/10/2024,327,20/09/2025,698
6131,,,3,28/10/2024,328,21/09/2025,551
6131,,,3,28/10/2024,329,22/09/2025,315
6131,,,3,28/10/2024,330,23/09/2025,0
6131,,,3,28/10/2024,331,24/09/2025,0
6131,,,3,28/10/2024,332,25/09/2025,
8735,,,3,25/01/2025,153,27/06/2025,
8735,,,3,25/01/2025,154,28/06/2025,0
8735,,,3,25/01/2025,155,29/06/2025,0
8735,,,3,25/01/2025,156,30/06/2025,0
8735,,,3,25/01/2025,157,01/07/2025,0
8735,,,3,25/01/2025,158,02/07/2025,0
8735,,,3,25/01/2025,159,03/07/2025,0
8735,,,3,25/01/2025,160,04/07/2025,0
8735,,,3,25/01/2025,161,05/07/2025,0
8735,,,3,25/01/2025,162,06/07/2025,0
8735,,,3,25/01/2025,163,07/07/2025,0
8735,,,3,25/01/2025,164,08/07/2025,
8735,,,3,25/01/2025,165,09/07/2025,
8735,,,3,25/01/2025,166,10/07/2025,
8735,,,3,25/01/2025,167,11/07/2025,
8735,,,3,25/01/2025,168,12/07/2025,
8735,,,3,25/01/2025,169,13/07/2025,
8735,,,3,25/01/2025,170,14/07/2025,
8735,,,3,25/01/2025,171,15/07/2025,
8735,,,3,25/01/2025,172,16/07/2025,
8735,,,3,25/01/2025,173,17/07/2025,
8735,,,3,25/01/2025,174,18/07/2025,
8735,,,3,25/01/2025,175,19/07/2025,
8735,,,3,25/01/2025,176,20/07/2025,
8735,,,3,25/01/2025,177,21/07/2025,
8735,,,3,25/01/2025,178,22/07/2025,
8735,,,3,25/01/2025,179,23/07/2025,
8735,,,3,25/01/2025,180,24/07/2025,
8735,,,3,25/01/2025,181,25/07/2025,
8735,,,3,25/01/2025,182,26/07/2025,
8735,,,3,25/01/2025,183,27/07/2025,
8735,,,3,25/01/2025,184,28/07/2025,
8735,,,3,25/01/2025,185,29/07/2025,
8735,,,3,25/01/2025,186,30/07/2025,
8735,,,3,25/01/2025,187,31/07/2025,
8735,,,3,25/01/2025,188,01/08/2025,
8735,,,3,25/01/2025,189,02/08/2025,
8735,,,3,25/01/2025,190,03/08/2025,
8735,,,3,25/01/2025,191,04/08/2025,
8735,,,3,25/01/2025,192,05/08/2025,
8735,,,3,25/01/2025,193,06/08/2025,
8735,,,3,25/01/2025,194,07/08/2025,
8735,,,3,25/01/2025,195,08/08/2025,
8735,,,3,25/01/2025,196,09/08/2025,
8735,,,3,25/01/2025,197,10/08/2025,
8735,,,3,25/01/2025,198,11/08/2025,
8735,,,3,25/01/2025,199,12/08/2025,
8735,,,3,25/01/2025,200,13/08/2025,
8735,,,3,25/01/2025,201,14/08/2025,
8735,,,3,25/01/2025,202,15/08/2025,
8735,,,3,25/01/2025,203,16/08/2025,
8735,,,3,25/01/2025,204,17/08/2025,
8735,,,3,25/01/2025,205,18/08/2025,
8735,,,3,25/01/2025,206,19/08/2025,
8735,,,3,25/01/2025,207,20/08/2025,
8735,,,3,25/01/2025,208,21/08/2025,
8735,,,3,25/01/2025,209,22/08/2025,
8735,,,3,25/01/2025,210,23/08/2025,
8735,,,3,25/01/2025,211,24/08/2025,
8735,,,3,25/01/2025,212,25/08/2025,
8735,,,3,25/01/2025,213,26/08/2025,
8735,,,3,25/01/2025,214,27/08/2025,
8735,,,3,25/01/2025,215,28/08/2025,
8735,,,3,25/01/2025,216,29/08/2025,
8735,,,3,25/01/2025,217,30/08/2025,
8735,,,3,25/01/2025,218,31/08/2025,
8735,,,3,25/01/2025,219,01/09/2025,
8735,,,3,25/01/2025,220,02/09/2025,
8735,,,3,25/01/2025,221,03/09/2025,
8735,,,3,25/01/2025,222,04/09/2025,
8735,,,3,25/01/2025,223,05/09/2025,
8735,,,3,25/01/2025,224,06/09/2025,
8735,,,3,25/01/2025,225,07/09/2025,
8735,,,3,25/01/2025,226,08/09/2025,
8735,,,3,25/01/2025,227,09/09/2025,
8735,,,3,25/01/2025,228,10/09/2025,
8735,,,3,25/01/2025,229,11/09/2025,
8735,,,3,25/01/2025,230,12/09/2025,
8735,,,3,25/01/2025,231,13/09/2025,
8735,,,3,25/01/2025,232,14/09/2025,
8735,,,3,25/01/2025,233,15/09/2025,
8735,,,3,25/01/2025,234,16/09/2025,
8735,,,3,25/01/2025,235,17/09/2025,
8735,,,3,25/01/2025,236,18/09/2025,
8735,,,3,25/01/2025,237,19/09/2025,
8735,,,3,25/01/2025,238,20/09/2025,
8735,,,3,25/01/2025,239,21/09/2025,
8735,,,3,25/01/2025,240,22/09/2025,
8735,,,3,25/01/2025,241,23/09/2025,
8735,,,3,25/01/2025,242,24/09/2025,
8735,,,3,25/01/2025,243,25/09/2025,
1235,,,100,07/10/2024,263,27/06/2025,
1235,,,100,07/10/2024,264,28/06/2025,539
1235,,,100,07/10/2024,265,29/06/2025,467
1235,,,100,07/10/2024,266,30/06/2025,622
1235,,,100,07/10/2024,267,01/07/2025,563
1235,,,100,07/10/2024,268,02/07/2025,584
1235,,,100,07/10/2024,269,03/07/2025,648
1235,,,100,07/10/2024,270,04/07/2025,569
1235,,,100,07/10/2024,271,05/07/2025,389
1235,,,100,07/10/2024,272,06/07/2025,627
1235,,,100,07/10/2024,273,07/07/2025,550
1235,,,100,07/10/2024,274,08/07/2025,487
1235,,,100,07/10/2024,275,09/07/2025,623
1235,,,100,07/10/2024,276,10/07/2025,488
1235,,,100,07/10/2024,277,11/07/2025,516
1235,,,100,07/10/2024,278,12/07/2025,595
1235,,,100,07/10/2024,279,13/07/2025,520
1235,,,100,07/10/2024,280,14/07/2025,435
1235,,,100,07/10/2024,281,15/07/2025,536
1235,,,100,07/10/2024,282,16/07/2025,429
1235,,,100,07/10/2024,283,17/07/2025,670
1235,,,100,07/10/2024,284,18/07/2025,527
1235,,,100,07/10/2024,285,19/07/2025,605
1235,,,100,07/10/2024,286,20/07/2025,526
1235,,,100,07/10/2024,287,21/07/2025,491
1235,,,100,07/10/2024,288,22/07/2025,351
1235,,,100,07/10/2024,289,23/07/2025,566
1235,,,100,07/10/2024,290,24/07/2025,536
1235,,,100,07/10/2024,291,25/07/2025,547
1235,,,100,07/10/2024,292,26/07/2025,440
1235,,,100,07/10/2024,293,27/07/2025,541
1235,,,100,07/10/2024,294,28/07/2025,387
1235,,,100,07/10/2024,295,29/07/2025,548
1235,,,100,07/10/2024,296,30/07/2025,524
1235,,,100,07/10/2024,297,31/07/2025,348
1235,,,100,07/10/2024,298,01/08/2025,140
1235,,,100,07/10/2024,299,02/08/2025,300
1235,,,100,07/10/2024,300,03/08/2025,285
1235,,,100,07/10/2024,301,04/08/2025,316
1235,,,100,07/10/2024,302,05/08/2025,388
1235,,,100,07/10/2024,303,06/08/2025,309
1235,,,100,07/10/2024,304,07/08/2025,440
1235,,,100,07/10/2024,305,08/08/2025,441
1235,,,100,07/10/2024,306,09/08/2025,500
1235,,,100,07/10/2024,307,10/08/2025,347
1235,,,100,07/10/2024,308,11/08/2025,375
1235,,,100,07/10/2024,309,12/08/2025,332
1235,,,100,07/10/2024,310,13/08/2025,365
1235,,,100,07/10/2024,311,14/08/2025,439
1235,,,100,07/10/2024,312,15/08/2025,490
1235,,,100,07/10/2024,313,16/08/2025,284
1235,,,100,07/10/2024,314,17/08/2025,321
1235,,,100,07/10/2024,315,18/08/2025,371
1235,,,100,07/10/2024,316,19/08/2025,383
1235,,,100,07/10/2024,317,20/08/2025,496
1235,,,100,07/10/2024,318,21/08/2025,362
1235,,,100,07/10/2024,319,22/08/2025,487
1235,,,100,07/10/2024,320,23/08/2025,516
1235,,,100,07/10/2024,321,24/08/2025,518
1235,,,100,07/10/2024,322,25/08/2025,374
1235,,,100,07/10/2024,323,26/08/2025,517
1235,,,100,07/10/2024,324,27/08/2025,340
1235,,,100,07/10/2024,325,28/08/2025,407
1235,,,100,07/10/2024,326,29/08/2025,462
1235,,,100,07/10/2024,327,30/08/2025,439
1235,,,100,07/10/2024,328,31/08/2025,401
1235,,,100,07/10/2024,329,01/09/2025,456
1235,,,100,07/10/2024,330,02/09/2025,379
1235,,,100,07/10/2024,331,03/09/2025,350
1235,,,100,07/10/2024,332,04/09/2025,430
1235,,,100,07/10/2024,333,05/09/2025,475
1235,,,100,07/10/2024,334,06/09/2025,522
1235,,,100,07/10/2024,335,07/09/2025,446
1235,,,100,07/10/2024,336,08/09/2025,508
1235,,,100,07/10/2024,337,09/09/2025,542
1235,,,100,07/10/2024,338,10/09/2025,523
1235,,,100,07/10/2024,339,11/09/2025,385
1235,,,100,07/10/2024,340,12/09/2025,420
1235,,,100,07/10/2024,341,13/09/2025,449
1235,,,100,07/10/2024,342,14/09/2025,517
1235,,,100,07/10/2024,343,15/09/2025,398
1235,,,100,07/10/2024,344,16/09/2025,293
1235,,,100,07/10/2024,345,17/09/2025,268
1235,,,100,07/10/2024,346,18/09/2025,509
1235,,,100,07/10/2024,347,19/09/2025,432
1235,,,100,07/10/2024,348,20/09/2025,516
1235,,,100,07/10/2024,349,21/09/2025,574
1235,,,100,07/10/2024,350,22/09/2025,242
1235,,,100,07/10/2024,351,23/09/2025,0
1235,,,100,07/10/2024,352,24/09/2025,46
1235,,,100,07/10/2024,353,25/09/2025,
6092,,,100,31/07/2024,331,27/06/2025,
6092,,,100,31/07/2024,332,28/06/2025,443
6092,,,100,31/07/2024,333,29/06/2025,603
6092,,,100,31/07/2024,334,30/06/2025,604
6092,,,100,31/07/2024,335,01/07/2025,502
6092,,,100,31/07/2024,336,02/07/2025,523
6092,,,100,31/07/2024,337,03/07/2025,556
6092,,,100,31/07/2024,338,04/07/2025,513
6092,,,100,31/07/2024,339,05/07/2025,524
6092,,,100,31/07/2024,340,06/07/2025,542
6092,,,100,31/07/2024,341,07/07/2025,526
6092,,,100,31/07/2024,342,08/07/2025,559
6092,,,100,31/07/2024,343,09/07/2025,548
6092,,,100,31/07/2024,344,10/07/2025,488
6092,,,100,31/07/2024,345,11/07/2025,438
6092,,,100,31/07/2024,346,12/07/2025,551
6092,,,100,31/07/2024,347,13/07/2025,613
6092,,,100,31/07/2024,348,14/07/2025,447
6092,,,100,31/07/2024,349,15/07/2025,554
6092,,,100,31/07/2024,350,16/07/2025,561
6092,,,100,31/07/2024,351,17/07/2025,591
6092,,,100,31/07/2024,352,18/07/2025,673
6092,,,100,31/07/2024,353,19/07/2025,448
6092,,,100,31/07/2024,354,20/07/2025,541
6092,,,100,31/07/2024,355,21/07/2025,520
6092,,,100,31/07/2024,356,22/07/2025,526
6092,,,100,31/07/2024,357,23/07/2025,475
6092,,,100,31/07/2024,358,24/07/2025,588
6092,,,100,31/07/2024,359,25/07/2025,532
6092,,,100,31/07/2024,360,26/07/2025,512
6092,,,100,31/07/2024,361,27/07/2025,607
6092,,,100,31/07/2024,362,28/07/2025,595
6092,,,100,31/07/2024,363,29/07/2025,619
6092,,,100,31/07/2024,364,30/07/2025,514
6092,,,100,31/07/2024,365,31/07/2025,579
6092,,,100,31/07/2024,366,01/08/2025,440
6092,,,100,31/07/2024,367,02/08/2025,581
6092,,,100,31/07/2024,368,03/08/2025,615
6092,,,100,31/07/2024,369,04/08/2025,519
6092,,,100,31/07/2024,370,05/08/2025,557
6092,,,100,31/07/2024,371,06/08/2025,526
6092,,,100,31/07/2024,372,07/08/2025,576
6092,,,100,31/07/2024,373,08/08/2025,529
6092,,,100,31/07/2024,374,09/08/2025,576
6092,,,100,31/07/2024,375,10/08/2025,582
6092,,,100,31/07/2024,376,11/08/2025,527
6092,,,100,31/07/2024,377,12/08/2025,548
6092,,,100,31/07/2024,378,13/08/2025,469
6092,,,100,31/07/2024,379,14/08/2025,492
6092,,,100,31/07/2024,380,15/08/2025,583
6092,,,100,31/07/2024,381,16/08/2025,503
6092,,,100,31/07/2024,382,17/08/2025,573
6092,,,100,31/07/2024,383,18/08/2025,551
6092,,,100,31/07/2024,384,19/08/2025,463
6092,,,100,31/07/2024,385,20/08/2025,655
6092,,,100,31/07/2024,386,21/08/2025,645
6092,,,100,31/07/2024,387,22/08/2025,476
6092,,,100,31/07/2024,388,23/08/2025,558
6092,,,100,31/07/2024,389,24/08/2025,653
6092,,,100,31/07/2024,390,25/08/2025,507
6092,,,100,31/07/2024,391,26/08/2025,531
6092,,,100,31/07/2024,392,27/08/2025,532
6092,,,100,31/07/2024,393,28/08/2025,543
6092,,,100,31/07/2024,394,29/08/2025,504
6092,,,100,31/07/2024,395,30/08/2025,543
6092,,,100,31/07/2024,396,31/08/2025,476
6092,,,100,31/07/2024,397,01/09/2025,534
6092,,,100,31/07/2024,398,02/09/2025,492
6092,,,100,31/07/2024,399,03/09/2025,450
6092,,,100,31/07/2024,400,04/09/2025,515
6092,,,100,31/07/2024,401,05/09/2025,583
6092,,,100,31/07/2024,402,06/09/2025,494
6092,,,100,31/07/2024,403,07/09/2025,516
6092,,,100,31/07/2024,404,08/09/2025,549
6092,,,100,31/07/2024,405,09/09/2025,541
6092,,,100,31/07/2024,406,10/09/2025,521
6092,,,100,31/07/2024,407,11/09/2025,500
6092,,,100,31/07/2024,408,12/09/2025,433
6092,,,100,31/07/2024,409,13/09/2025,487
6092,,,100,31/07/2024,410,14/09/2025,542
6092,,,100,31/07/2024,411,15/09/2025,377
6092,,,100,31/07/2024,412,16/09/2025,354
6092,,,100,31/07/2024,413,17/09/2025,333
6092,,,100,31/07/2024,414,18/09/2025,513
6092,,,100,31/07/2024,415,19/09/2025,544
6092,,,100,31/07/2024,416,20/09/2025,544
6092,,,100,31/07/2024,417,21/09/2025,554
6092,,,100,31/07/2024,418,22/09/2025,258
6092,,,100,31/07/2024,419,23/09/2025,0
6092,,,100,31/07/2024,420,24/09/2025,0
6092,,,100,31/07/2024,421,25/09/2025,
2074,,,1,08/08/2024,323,27/06/2025,
2074,,,1,08/08/2024,324,28/06/2025,567
2074,,,1,08/08/2024,325,29/06/2025,525
2074,,,1,08/08/2024,326,30/06/2025,566
2074,,,1,08/08/2024,327,01/07/2025,511
2074,,,1,08/08/2024,328,02/07/2025,672
2074,,,1,08/08/2024,329,03/07/2025,563
2074,,,1,08/08/2024,330,04/07/2025,539
2074,,,1,08/08/2024,331,05/07/2025,545
2074,,,1,08/08/2024,332,06/07/2025,532
2074,,,1,08/08/2024,333,07/07/2025,527
2074,,,1,08/08/2024,334,08/07/2025,430
2074,,,1,08/08/2024,335,09/07/2025,617
2074,,,1,08/08/2024,336,10/07/2025,499
2074,,,1,08/08/2024,337,11/07/2025,461
2074,,,1,08/08/2024,338,12/07/2025,490
2074,,,1,08/08/2024,339,13/07/2025,507
2074,,,1,08/08/2024,340,14/07/2025,431
2074,,,1,08/08/2024,341,15/07/2025,571
2074,,,1,08/08/2024,342,16/07/2025,371
2074,,,1,08/08/2024,343,17/07/2025,540
2074,,,1,08/08/2024,344,18/07/2025,457
2074,,,1,08/08/2024,345,19/07/2025,626
2074,,,1,08/08/2024,346,20/07/2025,612
2074,,,1,08/08/2024,347,21/07/2025,492
2074,,,1,08/08/2024,348,22/07/2025,469
2074,,,1,08/08/2024,349,23/07/2025,430
2074,,,1,08/08/2024,350,24/07/2025,595
2074,,,1,08/08/2024,351,25/07/2025,440
2074,,,1,08/08/2024,352,26/07/2025,381
2074,,,1,08/08/2024,353,27/07/2025,538
2074,,,1,08/08/2024,354,28/07/2025,420
2074,,,1,08/08/2024,355,29/07/2025,489
2074,,,1,08/08/2024,356,30/07/2025,440
2074,,,1,08/08/2024,357,31/07/2025,492
2074,,,1,08/08/2024,358,01/08/2025,443
2074,,,1,08/08/2024,359,02/08/2025,466
2074,,,1,08/08/2024,360,03/08/2025,448
2074,,,1,08/08/2024,361,04/08/2025,440
2074,,,1,08/08/2024,362,05/08/2025,610
2074,,,1,08/08/2024,363,06/08/2025,380
2074,,,1,08/08/2024,364,07/08/2025,507
2074,,,1,08/08/2024,365,08/08/2025,476
2074,,,1,08/08/2024,366,09/08/2025,450
2074,,,1,08/08/2024,367,10/08/2025,466
2074,,,1,08/08/2024,368,11/08/2025,591
2074,,,1,08/08/2024,369,12/08/2025,595
2074,,,1,08/08/2024,370,13/08/2025,437
2074,,,1,08/08/2024,371,14/08/2025,421
2074,,,1,08/08/2024,372,15/08/2025,638
2074,,,1,08/08/2024,373,16/08/2025,555
2074,,,1,08/08/2024,374,17/08/2025,544
2074,,,1,08/08/2024,375,18/08/2025,448
2074,,,1,08/08/2024,376,19/08/2025,346
2074,,,1,08/08/2024,377,20/08/2025,614
2074,,,1,08/08/2024,378,21/08/2025,546
2074,,,1,08/08/2024,379,22/08/2025,279
2074,,,1,08/08/2024,380,23/08/2025,632
2074,,,1,08/08/2024,381,24/08/2025,562
2074,,,1,08/08/2024,382,25/08/2025,533
2074,,,1,08/08/2024,383,26/08/2025,590
2074,,,1,08/08/2024,384,27/08/2025,512
2074,,,1,08/08/2024,385,28/08/2025,558
2074,,,1,08/08/2024,386,29/08/2025,465
2074,,,1,08/08/2024,387,30/08/2025,581
2074,,,1,08/08/2024,388,31/08/2025,473
2074,,,1,08/08/2024,389,01/09/2025,503
2074,,,1,08/08/2024,390,02/09/2025,411
2074,,,1,08/08/2024,391,03/09/2025,597
2074,,,1,08/08/2024,392,04/09/2025,429
2074,,,1,08/08/2024,393,05/09/2025,600
2074,,,1,08/08/2024,394,06/09/2025,40
2074,,,1,08/08/2024,395,07/09/2025,0
2074,,,1,08/08/2024,396,08/09/2025,0
2074,,,1,08/08/2024,397,09/09/2025,13
2074,,,1,08/08/2024,398,10/09/2025,0
2074,,,1,08/08/2024,399,11/09/2025,0
2074,,,1,08/08/2024,400,12/09/2025,0
2074,,,1,08/08/2024,401,13/09/2025,0
2074,,,1,08/08/2024,402,14/09/2025,0
2074,,,1,08/08/2024,403,15/09/2025,0
2074,,,1,08/08/2024,404,16/09/2025,0
2074,,,1,08/08/2024,405,17/09/2025,0
2074,,,1,08/08/2024,406,18/09/2025,0
2074,,,1,08/08/2024,407,19/09/2025,0
2074,,,1,08/08/2024,408,20/09/2025,0
2074,,,1,08/08/2024,409,21/09/2025,0
2074,,,1,08/08/2024,410,22/09/2025,0
2074,,,1,08/08/2024,411,23/09/2025,0
2074,,,1,08/08/2024,412,24/09/2025,0
2074,,,1,08/08/2024,413,25/09/2025,
8739,,,3,16/04/2025,72,27/06/2025,
8739,,,3,16/04/2025,73,28/06/2025,557
8739,,,3,16/04/2025,74,29/06/2025,584
8739,,,3,16/04/2025,75,30/06/2025,622
8739,,,3,16/04/2025,76,01/07/2025,466
8739,,,3,16/04/2025,77,02/07/2025,611
8739,,,3,16/04/2025,78,03/07/2025,700
8739,,,3,16/04/2025,79,04/07/2025,520
8739,,,3,16/04/2025,80,05/07/2025,530
8739,,,3,16/04/2025,81,06/07/2025,518
8739,,,3,16/04/2025,82,07/07/2025,381
8739,,,3,16/04/2025,83,08/07/2025,726
8739,,,3,16/04/2025,84,09/07/2025,576
8739,,,3,16/04/2025,85,10/07/2025,551
8739,,,3,16/04/2025,86,11/07/2025,616
8739,,,3,16/04/2025,87,12/07/2025,605
8739,,,3,16/04/2025,88,13/07/2025,562
8739,,,3,16/04/2025,89,14/07/2025,353
8739,,,3,16/04/2025,90,15/07/2025,563
8739,,,3,16/04/2025,91,16/07/2025,526
8739,,,3,16/04/2025,92,17/07/2025,685
8739,,,3,16/04/2025,93,18/07/2025,541
8739,,,3,16/04/2025,94,19/07/2025,560
8739,,,3,16/04/2025,95,20/07/2025,581
8739,,,3,16/04/2025,96,21/07/2025,657
8739,,,3,16/04/2025,97,22/07/2025,427
8739,,,3,16/04/2025,98,23/07/2025,610
8739,,,3,16/04/2025,99,24/07/2025,573
8739,,,3,16/04/2025,100,25/07/2025,587
8739,,,3,16/04/2025,101,26/07/2025,565
8739,,,3,16/04/2025,102,27/07/2025,491
8739,,,3,16/04/2025,103,28/07/2025,598
8739,,,3,16/04/2025,104,29/07/2025,512
8739,,,3,16/04/2025,105,30/07/2025,473
8739,,,3,16/04/2025,106,31/07/2025,381
8739,,,3,16/04/2025,107,01/08/2025,494
8739,,,3,16/04/2025,108,02/08/2025,567
8739,,,3,16/04/2025,109,03/08/2025,406
8739,,,3,16/04/2025,110,04/08/2025,579
8739,,,3,16/04/2025,111,05/08/2025,644
8739,,,3,16/04/2025,112,06/08/2025,570
8739,,,3,16/04/2025,113,07/08/2025,526
8739,,,3,16/04/2025,114,08/08/2025,628
8739,,,3,16/04/2025,115,09/08/2025,649
8739,,,3,16/04/2025,116,10/08/2025,464
8739,,,3,16/04/2025,117,11/08/2025,382
8739,,,3,16/04/2025,118,12/08/2025,516
8739,,,3,16/04/2025,119,13/08/2025,581
8739,,,3,16/04/2025,120,14/08/2025,546
8739,,,3,16/04/2025,121,15/08/2025,542
8739,,,3,16/04/2025,122,16/08/2025,532
8739,,,3,16/04/2025,123,17/08/2025,699
8739,,,3,16/04/2025,124,18/08/2025,650
8739,,,3,16/04/2025,125,19/08/2025,577
8739,,,3,16/04/2025,126,20/08/2025,538
8739,,,3,16/04/2025,127,21/08/2025,549
8739,,,3,16/04/2025,128,22/08/2025,648
8739,,,3,16/04/2025,129,23/08/2025,594
8739,,,3,16/04/2025,130,24/08/2025,558
8739,,,3,16/04/2025,131,25/08/2025,598
8739,,,3,16/04/2025,132,26/08/2025,480
8739,,,3,16/04/2025,133,27/08/2025,495
8739,,,3,16/04/2025,134,28/08/2025,693
8739,,,3,16/04/2025,135,29/08/2025,560
8739,,,3,16/04/2025,136,30/08/2025,51
8739,,,3,16/04/2025,137,31/08/2025,0
8739,,,3,16/04/2025,138,01/09/2025,0
8739,,,3,16/04/2025,139,02/09/2025,42
8739,,,3,16/04/2025,140,03/09/2025,107
8739,,,3,16/04/2025,141,04/09/2025,224
8739,,,3,16/04/2025,142,05/09/2025,20
8739,,,3,16/04/2025,143,06/09/2025,157
8739,,,3,16/04/2025,144,07/09/2025,0
8739,,,3,16/04/2025,145,08/09/2025,0
8739,,,3,16/04/2025,146,09/09/2025,0
8739,,,3,16/04/2025,147,10/09/2025,0
8739,,,3,16/04/2025,148,11/09/2025,0
8739,,,3,16/04/2025,149,12/09/2025,0
8739,,,3,16/04/2025,150,13/09/2025,0
8739,,,3,16/04/2025,151,14/09/2025,0
8739,,,3,16/04/2025,152,15/09/2025,0
8739,,,3,16/04/2025,153,16/09/2025,0
8739,,,3,16/04/2025,154,17/09/2025,0
8739,,,3,16/04/2025,155,18/09/2025,0
8739,,,3,16/04/2025,156,19/09/2025,0
8739,,,3,16/04/2025,157,20/09/2025,0
8739,,,3,16/04/2025,158,21/09/2025,0
8739,,,3,16/04/2025,159,22/09/2025,0
8739,,,3,16/04/2025,160,23/09/2025,0
8739,,,3,16/04/2025,161,24/09/2025,0
8739,,,3,16/04/2025,162,25/09/2025,
8736,,,100,16/11/2024,223,27/06/2025,
8736,,,100,16/11/2024,224,28/06/2025,0
8736,,,100,16/11/2024,225,29/06/2025,0
8736,,,100,16/11/2024,226,30/06/2025,0
8736,,,100,16/11/2024,227,01/07/2025,0
8736,,,100,16/11/2024,228,02/07/2025,0
8736,,,100,16/11/2024,229,03/07/2025,0
8736,,,100,16/11/2024,230,04/07/2025,0
8736,,,100,16/11/2024,231,05/07/2025,0
8736,,,100,16/11/2024,232,06/07/2025,0
8736,,,100,16/11/2024,233,07/07/2025,0
8736,,,100,16/11/2024,234,08/07/2025,
8736,,,100,16/11/2024,235,09/07/2025,
8736,,,100,16/11/2024,236,10/07/2025,
8736,,,100,16/11/2024,237,11/07/2025,
8736,,,100,16/11/2024,238,12/07/2025,
8736,,,100,16/11/2024,239,13/07/2025,
8736,,,100,16/11/2024,240,14/07/2025,
8736,,,100,16/11/2024,241,15/07/2025,
8736,,,100,16/11/2024,242,16/07/2025,
8736,,,100,16/11/2024,243,17/07/2025,
8736,,,100,16/11/2024,244,18/07/2025,
8736,,,100,16/11/2024,245,19/07/2025,
8736,,,100,16/11/2024,246,20/07/2025,
8736,,,100,16/11/2024,247,21/07/2025,
8736,,,100,16/11/2024,248,22/07/2025,
8736,,,100,16/11/2024,249,23/07/2025,
8736,,,100,16/11/2024,250,24/07/2025,
8736,,,100,16/11/2024,251,25/07/2025,
8736,,,100,16/11/2024,252,26/07/2025,
8736,,,100,16/11/2024,253,27/07/2025,
8736,,,100,16/11/2024,254,28/07/2025,
8736,,,100,16/11/2024,255,29/07/2025,
8736,,,100,16/11/2024,256,30/07/2025,
8736,,,100,16/11/2024,257,31/07/2025,
8736,,,100,16/11/2024,258,01/08/2025,
8736,,,100,16/11/2024,259,02/08/2025,
8736,,,100,16/11/2024,260,03/08/2025,
8736,,,100,16/11/2024,261,04/08/2025,
8736,,,100,16/11/2024,262,05/08/2025,
8736,,,100,16/11/2024,263,06/08/2025,
8736,,,100,16/11/2024,264,07/08/2025,
8736,,,100,16/11/2024,265,08/08/2025,
8736,,,100,16/11/2024,266,09/08/2025,
8736,,,100,16/11/2024,267,10/08/2025,
8736,,,100,16/11/2024,268,11/08/2025,
8736,,,100,16/11/2024,269,12/08/2025,
8736,,,100,16/11/2024,270,13/08/2025,
8736,,,100,16/11/2024,271,14/08/2025,
8736,,,100,16/11/2024,272,15/08/2025,
8736,,,100,16/11/2024,273,16/08/2025,
8736,,,100,16/11/2024,274,17/08/2025,
8736,,,100,16/11/2024,275,18/08/2025,
8736,,,100,16/11/2024,276,19/08/2025,
8736,,,100,16/11/2024,277,20/08/2025,
8736,,,100,16/11/2024,278,21/08/2025,
8736,,,100,16/11/2024,279,22/08/2025,
8736,,,100,16/11/2024,280,23/08/2025,
8736,,,100,16/11/2024,281,24/08/2025,
8736,,,100,16/11/2024,282,25/08/2025,
8736,,,100,16/11/2024,283,26/08/2025,
8736,,,100,16/11/2024,284,27/08/2025,
8736,,,100,16/11/2024,285,28/08/2025,
8736,,,100,16/11/2024,286,29/08/2025,
8736,,,100,16/11/2024,287,30/08/2025,
8736,,,100,16/11/2024,288,31/08/2025,
8736,,,100,16/11/2024,289,01/09/2025,
8736,,,100,16/11/2024,290,02/09/2025,
8736,,,100,16/11/2024,291,03/09/2025,
8736,,,100,16/11/2024,292,04/09/2025,
8736,,,100,16/11/2024,293,05/09/2025,
8736,,,100,16/11/2024,294,06/09/2025,
8736,,,100,16/11/2024,295,07/09/2025,
8736,,,100,16/11/2024,296,08/09/2025,
8736,,,100,16/11/2024,297,09/09/2025,
8736,,,100,16/11/2024,298,10/09/2025,
8736,,,100,16/11/2024,299,11/09/2025,
8736,,,100,16/11/2024,300,12/09/2025,
8736,,,100,16/11/2024,301,13/09/2025,
8736,,,100,16/11/2024,302,14/09/2025,
8736,,,100,16/11/2024,303,15/09/2025,
8736,,,100,16/11/2024,304,16/09/2025,
8736,,,100,16/11/2024,305,17/09/2025,
8736,,,100,16/11/2024,306,18/09/2025,
8736,,,100,16/11/2024,307,19/09/2025,
8736,,,100,16/11/2024,308,20/09/2025,
8736,,,100,16/11/2024,309,21/09/2025,
8736,,,100,16/11/2024,310,22/09/2025,
8736,,,100,16/11/2024,311,23/09/2025,
8736,,,100,16/11/2024,312,24/09/2025,
8736,,,100,16/11/2024,313,25/09/2025,
1590,,,3,12/01/2025,166,27/06/2025,
1590,,,3,12/01/2025,167,28/06/2025,498
1590,,,3,12/01/2025,168,29/06/2025,454
1590,,,3,12/01/2025,169,30/06/2025,457
1590,,,3,12/01/2025,170,01/07/2025,360
1590,,,3,12/01/2025,171,02/07/2025,462
1590,,,3,12/01/2025,172,03/07/2025,472
1590,,,3,12/01/2025,173,04/07/2025,475
1590,,,3,12/01/2025,174,05/07/2025,407
1590,,,3,12/01/2025,175,06/07/2025,594
1590,,,3,12/01/2025,176,07/07/2025,457
1590,,,3,12/01/2025,177,08/07/2025,436
1590,,,3,12/01/2025,178,09/07/2025,378
1590,,,3,12/01/2025,179,10/07/2025,437
1590,,,3,12/01/2025,180,11/07/2025,400
1590,,,3,12/01/2025,181,12/07/2025,420
1590,,,3,12/01/2025,182,13/07/2025,427
1590,,,3,12/01/2025,183,14/07/2025,415
1590,,,3,12/01/2025,184,15/07/2025,385
1590,,,3,12/01/2025,185,16/07/2025,355
1590,,,3,12/01/2025,186,17/07/2025,501
1590,,,3,12/01/2025,187,18/07/2025,469
1590,,,3,12/01/2025,188,19/07/2025,516
1590,,,3,12/01/2025,189,20/07/2025,378
1590,,,3,12/01/2025,190,21/07/2025,435
1590,,,3,12/01/2025,191,22/07/2025,402
1590,,,3,12/01/2025,192,23/07/2025,453
1590,,,3,12/01/2025,193,24/07/2025,434
1590,,,3,12/01/2025,194,25/07/2025,484
1590,,,3,12/01/2025,195,26/07/2025,424
1590,,,3,12/01/2025,196,27/07/2025,481
1590,,,3,12/01/2025,197,28/07/2025,421
1590,,,3,12/01/2025,198,29/07/2025,396
1590,,,3,12/01/2025,199,30/07/2025,521
1590,,,3,12/01/2025,200,31/07/2025,398
1590,,,3,12/01/2025,201,01/08/2025,426
1590,,,3,12/01/2025,202,02/08/2025,420
1590,,,3,12/01/2025,203,03/08/2025,426
1590,,,3,12/01/2025,204,04/08/2025,418
1590,,,3,12/01/2025,205,05/08/2025,451
1590,,,3,12/01/2025,206,06/08/2025,349
1590,,,3,12/01/2025,207,07/08/2025,457
1590,,,3,12/01/2025,208,08/08/2025,392
1590,,,3,12/01/2025,209,09/08/2025,454
1590,,,3,12/01/2025,210,10/08/2025,426
1590,,,3,12/01/2025,211,11/08/2025,432
1590,,,3,12/01/2025,212,12/08/2025,415
1590,,,3,12/01/2025,213,13/08/2025,458
1590,,,3,12/01/2025,214,14/08/2025,459
1590,,,3,12/01/2025,215,15/08/2025,424
1590,,,3,12/01/2025,216,16/08/2025,460
1590,,,3,12/01/2025,217,17/08/2025,416
1590,,,3,12/01/2025,218,18/08/2025,380
1590,,,3,12/01/2025,219,19/08/2025,509
1590,,,3,12/01/2025,220,20/08/2025,460
1590,,,3,12/01/2025,221,21/08/2025,412
1590,,,3,12/01/2025,222,22/08/2025,466
1590,,,3,12/01/2025,223,23/08/2025,410
1590,,,3,12/01/2025,224,24/08/2025,466
1590,,,3,12/01/2025,225,25/08/2025,459
1590,,,3,12/01/2025,226,26/08/2025,499
1590,,,3,12/01/2025,227,27/08/2025,297
1590,,,3,12/01/2025,228,28/08/2025,553
1590,,,3,12/01/2025,229,29/08/2025,377
1590,,,3,12/01/2025,230,30/08/2025,412
1590,,,3,12/01/2025,231,31/08/2025,428
1590,,,3,12/01/2025,232,01/09/2025,309
1590,,,3,12/01/2025,233,02/09/2025,531
1590,,,3,12/01/2025,234,03/09/2025,388
1590,,,3,12/01/2025,235,04/09/2025,477
1590,,,3,12/01/2025,236,05/09/2025,471
1590,,,3,12/01/2025,237,06/09/2025,280
1590,,,3,12/01/2025,238,07/09/2025,437
1590,,,3,12/01/2025,239,08/09/2025,387
1590,,,3,12/01/2025,240,09/09/2025,395
1590,,,3,12/01/2025,241,10/09/2025,351
1590,,,3,12/01/2025,242,11/09/2025,438
1590,,,3,12/01/2025,243,12/09/2025,391
1590,,,3,12/01/2025,244,13/09/2025,398
1590,,,3,12/01/2025,245,14/09/2025,440
1590,,,3,12/01/2025,246,15/09/2025,441
1590,,,3,12/01/2025,247,16/09/2025,495
1590,,,3,12/01/2025,248,17/09/2025,416
1590,,,3,12/01/2025,249,18/09/2025,482
1590,,,3,12/01/2025,250,19/09/2025,441
1590,,,3,12/01/2025,251,20/09/2025,444
1590,,,3,12/01/2025,252,21/09/2025,429
1590,,,3,12/01/2025,253,22/09/2025,266
1590,,,3,12/01/2025,254,23/09/2025,0
1590,,,3,12/01/2025,255,24/09/2025,0
1590,,,3,12/01/2025,256,25/09/2025,
8781,,,3,26/07/2025,,27/06/2025,
8781,,,3,26/07/2025,,28/06/2025,
8781,,,3,26/07/2025,,29/06/2025,
8781,,,3,26/07/2025,,30/06/2025,
8781,,,3,26/07/2025,,01/07/2025,
8781,,,3,26/07/2025,,02/07/2025,
8781,,,3,26/07/2025,,03/07/2025,
8781,,,3,26/07/2025,,04/07/2025,
8781,,,3,26/07/2025,,05/07/2025,
8781,,,3,26/07/2025,,06/07/2025,
8781,,,3,26/07/2025,,07/07/2025,292
8781,,,3,26/07/2025,,08/07/2025,485
8781,,,3,26/07/2025,,09/07/2025,461
8781,,,3,26/07/2025,,10/07/2025,452
8781,,,3,26/07/2025,,11/07/2025,515
8781,,,3,26/07/2025,,12/07/2025,459
8781,,,3,26/07/2025,,13/07/2025,514
8781,,,3,26/07/2025,,14/07/2025,398
8781,,,3,26/07/2025,,15/07/2025,485
8781,,,3,26/07/2025,,16/07/2025,388
8781,,,3,26/07/2025,,17/07/2025,461
8781,,,3,26/07/2025,,18/07/2025,413
8781,,,3,26/07/2025,,19/07/2025,477
8781,,,3,26/07/2025,,20/07/2025,423
8781,,,3,26/07/2025,,21/07/2025,534
8781,,,3,26/07/2025,,22/07/2025,465
8781,,,3,26/07/2025,,23/07/2025,389
8781,,,3,26/07/2025,,24/07/2025,299
8781,,,3,26/07/2025,,25/07/2025,480
8781,,,3,26/07/2025,,26/07/2025,331
8781,,,3,26/07/2025,1,27/07/2025,431
8781,,,3,26/07/2025,2,28/07/2025,418
8781,,,3,26/07/2025,3,29/07/2025,295
8781,,,3,26/07/2025,4,30/07/2025,292
8781,,,3,26/07/2025,5,31/07/2025,449
8781,,,3,26/07/2025,6,01/08/2025,464
8781,,,3,26/07/2025,7,02/08/2025,423
8781,,,3,26/07/2025,8,03/08/2025,299
8781,,,3,26/07/2025,9,04/08/2025,386
8781,,,3,26/07/2025,10,05/08/2025,365
8781,,,3,26/07/2025,11,06/08/2025,365
8781,,,3,26/07/2025,12,07/08/2025,512
8781,,,3,26/07/2025,13,08/08/2025,390
8781,,,3,26/07/2025,14,09/08/2025,433
8781,,,3,26/07/2025,15,10/08/2025,286
8781,,,3,26/07/2025,16,11/08/2025,489
8781,,,3,26/07/2025,17,12/08/2025,427
8781,,,3,26/07/2025,18,13/08/2025,521
8781,,,3,26/07/2025,19,14/08/2025,434
8781,,,3,26/07/2025,20,15/08/2025,322
8781,,,3,26/07/2025,21,16/08/2025,498
8781,,,3,26/07/2025,22,17/08/2025,307
8781,,,3,26/07/2025,23,18/08/2025,278
8781,,,3,26/07/2025,24,19/08/2025,345
8781,,,3,26/07/2025,25,20/08/2025,214
8781,,,3,26/07/2025,26,21/08/2025,360
8781,,,3,26/07/2025,27,22/08/2025,134
8781,,,3,26/07/2025,28,23/08/2025,163
8781,,,3,26/07/2025,29,24/08/2025,262
8781,,,3,26/07/2025,30,25/08/2025,213
8781,,,3,26/07/2025,31,26/08/2025,271
8781,,,3,26/07/2025,32,27/08/2025,230
8781,,,3,26/07/2025,33,28/08/2025,218
8781,,,3,26/07/2025,34,29/08/2025,252
8781,,,3,26/07/2025,35,30/08/2025,188
8781,,,3,26/07/2025,36,31/08/2025,180
8781,,,3,26/07/2025,37,01/09/2025,201
8781,,,3,26/07/2025,38,02/09/2025,439
8781,,,3,26/07/2025,39,03/09/2025,114
8781,,,3,26/07/2025,40,04/09/2025,414
8781,,,3,26/07/2025,41,05/09/2025,547
8781,,,3,26/07/2025,42,06/09/2025,419
8781,,,3,26/07/2025,43,07/09/2025,437
8781,,,3,26/07/2025,44,08/09/2025,329
8781,,,3,26/07/2025,45,09/09/2025,574
8781,,,3,26/07/2025,46,10/09/2025,539
8781,,,3,26/07/2025,47,11/09/2025,615
8781,,,3,26/07/2025,48,12/09/2025,610
8781,,,3,26/07/2025,49,13/09/2025,494
8781,,,3,26/07/2025,50,14/09/2025,611
8781,,,3,26/07/2025,51,15/09/2025,620
8781,,,3,26/07/2025,52,16/09/2025,586
8781,,,3,26/07/2025,53,17/09/2025,624
8781,,,3,26/07/2025,54,18/09/2025,520
8781,,,3,26/07/2025,55,19/09/2025,498
8781,,,3,26/07/2025,56,20/09/2025,634
8781,,,3,26/07/2025,57,21/09/2025,558
8781,,,3,26/07/2025,58,22/09/2025,202
8781,,,3,26/07/2025,59,23/09/2025,0
8781,,,3,26/07/2025,60,24/09/2025,0
8781,,,3,26/07/2025,61,25/09/2025,
1510,,,1,27/08/2025,,27/06/2025,
1510,,,1,27/08/2025,,28/06/2025,
1510,,,1,27/08/2025,,29/06/2025,
1510,,,1,27/08/2025,,30/06/2025,
1510,,,1,27/08/2025,,01/07/2025,
1510,,,1,27/08/2025,,02/07/2025,
1510,,,1,27/08/2025,,03/07/2025,
1510,,,1,27/08/2025,,04/07/2025,
1510,,,1,27/08/2025,,05/07/2025,
1510,,,1,27/08/2025,,06/07/2025,
1510,,,1,27/08/2025,,07/07/2025,
1510,,,1,27/08/2025,,08/07/2025,
1510,,,1,27/08/2025,,09/07/2025,
1510,,,1,27/08/2025,,10/07/2025,
1510,,,1,27/08/2025,,11/07/2025,
1510,,,1,27/08/2025,,12/07/2025,
1510,,,1,27/08/2025,,13/07/2025,
1510,,,1,27/08/2025,,14/07/2025,
1510,,,1,27/08/2025,,15/07/2025,
1510,,,1,27/08/2025,,16/07/2025,
1510,,,1,27/08/2025,,17/07/2025,
1510,,,1,27/08/2025,,18/07/2025,
1510,,,1,27/08/2025,,19/07/2025,
1510,,,1,27/08/2025,,20/07/2025,
1510,,,1,27/08/2025,,21/07/2025,
1510,,,1,27/08/2025,,22/07/2025,
1510,,,1,27/08/2025,,23/07/2025,
1510,,,1,27/08/2025,,24/07/2025,
1510,,,1,27/08/2025,,25/07/2025,
1510,,,1,27/08/2025,,26/07/2025,
1510,,,1,27/08/2025,,27/07/2025,
1510,,,1,27/08/2025,,28/07/2025,
1510,,,1,27/08/2025,,29/07/2025,
1510,,,1,27/08/2025,,30/07/2025,
1510,,,1,27/08/2025,,31/07/2025,
1510,,,1,27/08/2025,,01/08/2025,304
1510,,,1,27/08/2025,,02/08/2025,420
1510,,,1,27/08/2025,,03/08/2025,409
1510,,,1,27/08/2025,,04/08/2025,358
1510,,,1,27/08/2025,,05/08/2025,519
1510,,,1,27/08/2025,,06/08/2025,514
1510,,,1,27/08/2025,,07/08/2025,463
1510,,,1,27/08/2025,,08/08/2025,489
1510,,,1,27/08/2025,,09/08/2025,456
1510,,,1,27/08/2025,,10/08/2025,461
1510,,,1,27/08/2025,,11/08/2025,422
1510,,,1,27/08/2025,,12/08/2025,487
1510,,,1,27/08/2025,,13/08/2025,496
1510,,,1,27/08/2025,,14/08/2025,487
1510,,,1,27/08/2025,,15/08/2025,449
1510,,,1,27/08/2025,,16/08/2025,470
1510,,,1,27/08/2025,,17/08/2025,338
1510,,,1,27/08/2025,,18/08/2025,459
1510,,,1,27/08/2025,,19/08/2025,493
1510,,,1,27/08/2025,,20/08/2025,523
1510,,,1,27/08/2025,,21/08/2025,458
1510,,,1,27/08/2025,,22/08/2025,480
1510,,,1,27/08/2025,,23/08/2025,457
1510,,,1,27/08/2025,,24/08/2025,451
1510,,,1,27/08/2025,,25/08/2025,498
1510,,,1,27/08/2025,,26/08/2025,536
1510,,,1,27/08/2025,,27/08/2025,314
1510,,,1,27/08/2025,1,28/08/2025,328
1510,,,1,27/08/2025,2,29/08/2025,367
1510,,,1,27/08/2025,3,30/08/2025,335
1510,,,1,27/08/2025,4,31/08/2025,401
1510,,,1,27/08/2025,5,01/09/2025,273
1510,,,1,27/08/2025,6,02/09/2025,234
1510,,,1,27/08/2025,7,03/09/2025,233
1510,,,1,27/08/2025,8,04/09/2025,265
1510,,,1,27/08/2025,9,05/09/2025,206
1510,,,1,27/08/2025,10,06/09/2025,344
1510,,,1,27/08/2025,11,07/09/2025,188
1510,,,1,27/08/2025,12,08/09/2025,442
1510,,,1,27/08/2025,13,09/09/2025,380
1510,,,1,27/08/2025,14,10/09/2025,382
1510,,,1,27/08/2025,15,11/09/2025,250
1510,,,1,27/08/2025,16,12/09/2025,375
1510,,,1,27/08/2025,17,13/09/2025,367
1510,,,1,27/08/2025,18,14/09/2025,388
1510,,,1,27/08/2025,19,15/09/2025,261
1510,,,1,27/08/2025,20,16/09/2025,306
1510,,,1,27/08/2025,21,17/09/2025,295
1510,,,1,27/08/2025,22,18/09/2025,317
1510,,,1,27/08/2025,23,19/09/2025,194
1510,,,1,27/08/2025,24,20/09/2025,467
1510,,,1,27/08/2025,25,21/09/2025,319
1510,,,1,27/08/2025,26,22/09/2025,161
1510,,,1,27/08/2025,27,23/09/2025,0
1510,,,1,27/08/2025,28,24/09/2025,0
1510,,,1,27/08/2025,29,25/09/2025,
6098,,,1,19/08/2025,,27/06/2025,
6098,,,1,19/08/2025,,28/06/2025,
6098,,,1,19/08/2025,,29/06/2025,
6098,,,1,19/08/2025,,30/06/2025,
6098,,,1,19/08/2025,,01/07/2025,
6098,,,1,19/08/2025,,02/07/2025,
6098,,,1,19/08/2025,,03/07/2025,
6098,,,1,19/08/2025,,04/07/2025,
6098,,,1,19/08/2025,,05/07/2025,
6098,,,1,19/08/2025,,06/07/2025,
6098,,,1,19/08/2025,,07/07/2025,
6098,,,1,19/08/2025,,08/07/2025,
6098,,,1,19/08/2025,,09/07/2025,
6098,,,1,19/08/2025,,10/07/2025,
6098,,,1,19/08/2025,,11/07/2025,
6098,,,1,19/08/2025,,12/07/2025,
6098,,,1,19/08/2025,,13/07/2025,
6098,,,1,19/08/2025,,14/07/2025,
6098,,,1,19/08/2025,,15/07/2025,
6098,,,1,19/08/2025,,16/07/2025,
6098,,,1,19/08/2025,,17/07/2025,
6098,,,1,19/08/2025,,18/07/2025,
6098,,,1,19/08/2025,,19/07/2025,
6098,,,1,19/08/2025,,20/07/2025,
6098,,,1,19/08/2025,,21/07/2025,
6098,,,1,19/08/2025,,22/07/2025,
6098,,,1,19/08/2025,,23/07/2025,
6098,,,1,19/08/2025,,24/07/2025,
6098,,,1,19/08/2025,,25/07/2025,
6098,,,1,19/08/2025,,26/07/2025,
6098,,,1,19/08/2025,,27/07/2025,
6098,,,1,19/08/2025,,28/07/2025,
6098,,,1,19/08/2025,,29/07/2025,
6098,,,1,19/08/2025,,30/07/2025,
6098,,,1,19/08/2025,,31/07/2025,
6098,,,1,19/08/2025,,01/08/2025,249
6098,,,1,19/08/2025,,02/08/2025,430
6098,,,1,19/08/2025,,03/08/2025,346
6098,,,1,19/08/2025,,04/08/2025,421
6098,,,1,19/08/2025,,05/08/2025,376
6098,,,1,19/08/2025,,06/08/2025,386
6098,,,1,19/08/2025,,07/08/2025,383
6098,,,1,19/08/2025,,08/08/2025,401
6098,,,1,19/08/2025,,09/08/2025,359
6098,,,1,19/08/2025,,10/08/2025,412
6098,,,1,19/08/2025,,11/08/2025,356
6098,,,1,19/08/2025,,12/08/2025,417
6098,,,1,19/08/2025,,13/08/2025,449
6098,,,1,19/08/2025,,14/08/2025,410
6098,,,1,19/08/2025,,15/08/2025,421
6098,,,1,19/08/2025,,16/08/2025,444
6098,,,1,19/08/2025,,17/08/2025,367
6098,,,1,19/08/2025,,18/08/2025,432
6098,,,1,19/08/2025,,19/08/2025,432
6098,,,1,19/08/2025,1,20/08/2025,613
6098,,,1,19/08/2025,2,21/08/2025,649
6098,,,1,19/08/2025,3,22/08/2025,574
6098,,,1,19/08/2025,4,23/08/2025,402
6098,,,1,19/08/2025,5,24/08/2025,435
6098,,,1,19/08/2025,6,25/08/2025,506
6098,,,1,19/08/2025,7,26/08/2025,411
6098,,,1,19/08/2025,8,27/08/2025,352
6098,,,1,19/08/2025,9,28/08/2025,549
6098,,,1,19/08/2025,10,29/08/2025,276
6098,,,1,19/08/2025,11,30/08/2025,487
6098,,,1,19/08/2025,12,31/08/2025,337
6098,,,1,19/08/2025,13,01/09/2025,401
6098,,,1,19/08/2025,14,02/09/2025,462
6098,,,1,19/08/2025,15,03/09/2025,445
6098,,,1,19/08/2025,16,04/09/2025,555
6098,,,1,19/08/2025,17,05/09/2025,495
6098,,,1,19/08/2025,18,06/09/2025,487
6098,,,1,19/08/2025,19,07/09/2025,356
6098,,,1,19/08/2025,20,08/09/2025,381
6098,,,1,19/08/2025,21,09/09/2025,419
6098,,,1,19/08/2025,22,10/09/2025,464
6098,,,1,19/08/2025,23,11/09/2025,598
6098,,,1,19/08/2025,24,12/09/2025,452
6098,,,1,19/08/2025,25,13/09/2025,519
6098,,,1,19/08/2025,26,14/09/2025,333
6098,,,1,19/08/2025,27,15/09/2025,437
6098,,,1,19/08/2025,28,16/09/2025,436
6098,,,1,19/08/2025,29,17/09/2025,511
6098,,,1,19/08/2025,30,18/09/2025,493
6098,,,1,19/08/2025,31,19/09/2025,544
6098,,,1,19/08/2025,32,20/09/2025,382
6098,,,1,19/08/2025,33,21/09/2025,383
6098,,,1,19/08/2025,34,22/09/2025,307
6098,,,1,19/08/2025,35,23/09/2025,0
6098,,,1,19/08/2025,36,24/09/2025,0
6098,,,1,19/08/2025,37,25/09/2025,
